--------------------------------------------------------
--  파일이 생성됨 - 수요일-11월-18-2020   
--------------------------------------------------------
--------------------------------------------------------
--  DDL for Table BLACKLIST
--------------------------------------------------------

  CREATE TABLE "TEAM5_202007M"."BLACKLIST" 
   (	"MEM_ID" VARCHAR2(20 BYTE), 
	"B_REASON" VARCHAR2(100 BYTE), 
	"B_DATE" DATE
   ) SEGMENT CREATION IMMEDIATE 
  PCTFREE 10 PCTUSED 40 INITRANS 1 MAXTRANS 255 NOCOMPRESS LOGGING
  STORAGE(INITIAL 65536 NEXT 1048576 MINEXTENTS 1 MAXEXTENTS 2147483645
  PCTINCREASE 0 FREELISTS 1 FREELIST GROUPS 1 BUFFER_POOL DEFAULT FLASH_CACHE DEFAULT CELL_FLASH_CACHE DEFAULT)
  TABLESPACE "TS_202007M" ;
--------------------------------------------------------
--  DDL for Table BOOKMARK
--------------------------------------------------------

  CREATE TABLE "TEAM5_202007M"."BOOKMARK" 
   (	"BM_NO" NUMBER, 
	"BM_DATE" DATE, 
	"BOARD_NO" NUMBER, 
	"MEM_ID" VARCHAR2(20 BYTE)
   ) SEGMENT CREATION IMMEDIATE 
  PCTFREE 10 PCTUSED 40 INITRANS 1 MAXTRANS 255 NOCOMPRESS LOGGING
  STORAGE(INITIAL 65536 NEXT 1048576 MINEXTENTS 1 MAXEXTENTS 2147483645
  PCTINCREASE 0 FREELISTS 1 FREELIST GROUPS 1 BUFFER_POOL DEFAULT FLASH_CACHE DEFAULT CELL_FLASH_CACHE DEFAULT)
  TABLESPACE "TS_202007M" ;
--------------------------------------------------------
--  DDL for Table CART
--------------------------------------------------------

  CREATE TABLE "TEAM5_202007M"."CART" 
   (	"CART_NO" NUMBER, 
	"CART_DATE" DATE, 
	"MEM_ID" VARCHAR2(20 BYTE), 
	"BOARD_NO" NUMBER, 
	"PAY_CHECK" VARCHAR2(5 BYTE) DEFAULT 0
   ) SEGMENT CREATION IMMEDIATE 
  PCTFREE 10 PCTUSED 40 INITRANS 1 MAXTRANS 255 NOCOMPRESS LOGGING
  STORAGE(INITIAL 65536 NEXT 1048576 MINEXTENTS 1 MAXEXTENTS 2147483645
  PCTINCREASE 0 FREELISTS 1 FREELIST GROUPS 1 BUFFER_POOL DEFAULT FLASH_CACHE DEFAULT CELL_FLASH_CACHE DEFAULT)
  TABLESPACE "TS_202007M" ;
--------------------------------------------------------
--  DDL for Table CHAT
--------------------------------------------------------

  CREATE TABLE "TEAM5_202007M"."CHAT" 
   (	"CHAT_NO" NUMBER, 
	"CHAT_CONTENT" VARCHAR2(50 BYTE), 
	"CHAT_TIME" DATE
   ) SEGMENT CREATION IMMEDIATE 
  PCTFREE 10 PCTUSED 40 INITRANS 1 MAXTRANS 255 NOCOMPRESS LOGGING
  STORAGE(INITIAL 65536 NEXT 1048576 MINEXTENTS 1 MAXEXTENTS 2147483645
  PCTINCREASE 0 FREELISTS 1 FREELIST GROUPS 1 BUFFER_POOL DEFAULT FLASH_CACHE DEFAULT CELL_FLASH_CACHE DEFAULT)
  TABLESPACE "TS_202007M" ;
--------------------------------------------------------
--  DDL for Table CHATING
--------------------------------------------------------

  CREATE TABLE "TEAM5_202007M"."CHATING" 
   (	"CHAT_NUM" NUMBER, 
	"MEM_ID" VARCHAR2(20 BYTE)
   ) SEGMENT CREATION IMMEDIATE 
  PCTFREE 10 PCTUSED 40 INITRANS 1 MAXTRANS 255 NOCOMPRESS LOGGING
  STORAGE(INITIAL 65536 NEXT 1048576 MINEXTENTS 1 MAXEXTENTS 2147483645
  PCTINCREASE 0 FREELISTS 1 FREELIST GROUPS 1 BUFFER_POOL DEFAULT FLASH_CACHE DEFAULT CELL_FLASH_CACHE DEFAULT)
  TABLESPACE "TS_202007M" ;
--------------------------------------------------------
--  DDL for Table COMMENT_BOARD
--------------------------------------------------------

  CREATE TABLE "TEAM5_202007M"."COMMENT_BOARD" 
   (	"COM_NO" NUMBER, 
	"COM_DATE" DATE, 
	"COM_CONTENT" VARCHAR2(3000 BYTE), 
	"MEM_ID" VARCHAR2(20 BYTE), 
	"BOARD_NO" NUMBER, 
	"COM_STAR" NUMBER
   ) SEGMENT CREATION IMMEDIATE 
  PCTFREE 10 PCTUSED 40 INITRANS 1 MAXTRANS 255 NOCOMPRESS LOGGING
  STORAGE(INITIAL 65536 NEXT 1048576 MINEXTENTS 1 MAXEXTENTS 2147483645
  PCTINCREASE 0 FREELISTS 1 FREELIST GROUPS 1 BUFFER_POOL DEFAULT FLASH_CACHE DEFAULT CELL_FLASH_CACHE DEFAULT)
  TABLESPACE "TS_202007M" ;
--------------------------------------------------------
--  DDL for Table FOOD_CATEGORY
--------------------------------------------------------

  CREATE TABLE "TEAM5_202007M"."FOOD_CATEGORY" 
   (	"FOOD_ID" VARCHAR2(30 BYTE)
   ) SEGMENT CREATION IMMEDIATE 
  PCTFREE 10 PCTUSED 40 INITRANS 1 MAXTRANS 255 NOCOMPRESS LOGGING
  STORAGE(INITIAL 65536 NEXT 1048576 MINEXTENTS 1 MAXEXTENTS 2147483645
  PCTINCREASE 0 FREELISTS 1 FREELIST GROUPS 1 BUFFER_POOL DEFAULT FLASH_CACHE DEFAULT CELL_FLASH_CACHE DEFAULT)
  TABLESPACE "TS_202007M" ;
--------------------------------------------------------
--  DDL for Table GAME
--------------------------------------------------------

  CREATE TABLE "TEAM5_202007M"."GAME" 
   (	"MEM_ID" VARCHAR2(20 BYTE), 
	"GAME_SCORE" NUMBER, 
	"GAME_DATE" DATE
   ) SEGMENT CREATION IMMEDIATE 
  PCTFREE 10 PCTUSED 40 INITRANS 1 MAXTRANS 255 NOCOMPRESS LOGGING
  STORAGE(INITIAL 65536 NEXT 1048576 MINEXTENTS 1 MAXEXTENTS 2147483645
  PCTINCREASE 0 FREELISTS 1 FREELIST GROUPS 1 BUFFER_POOL DEFAULT FLASH_CACHE DEFAULT CELL_FLASH_CACHE DEFAULT)
  TABLESPACE "TS_202007M" ;
--------------------------------------------------------
--  DDL for Table LASTVIEW
--------------------------------------------------------

  CREATE TABLE "TEAM5_202007M"."LASTVIEW" 
   (	"LAST_NO" NUMBER, 
	"WRITE_NO" NUMBER
   ) SEGMENT CREATION IMMEDIATE 
  PCTFREE 10 PCTUSED 40 INITRANS 1 MAXTRANS 255 NOCOMPRESS LOGGING
  STORAGE(INITIAL 65536 NEXT 1048576 MINEXTENTS 1 MAXEXTENTS 2147483645
  PCTINCREASE 0 FREELISTS 1 FREELIST GROUPS 1 BUFFER_POOL DEFAULT FLASH_CACHE DEFAULT CELL_FLASH_CACHE DEFAULT)
  TABLESPACE "TS_202007M" ;
--------------------------------------------------------
--  DDL for Table LOG_CHK
--------------------------------------------------------

  CREATE TABLE "TEAM5_202007M"."LOG_CHK" 
   (	"MEM_ID" VARCHAR2(20 BYTE), 
	"CHK_DATE" DATE
   ) SEGMENT CREATION IMMEDIATE 
  PCTFREE 10 PCTUSED 40 INITRANS 1 MAXTRANS 255 NOCOMPRESS LOGGING
  STORAGE(INITIAL 65536 NEXT 1048576 MINEXTENTS 1 MAXEXTENTS 2147483645
  PCTINCREASE 0 FREELISTS 1 FREELIST GROUPS 1 BUFFER_POOL DEFAULT FLASH_CACHE DEFAULT CELL_FLASH_CACHE DEFAULT)
  TABLESPACE "TS_202007M" ;
--------------------------------------------------------
--  DDL for Table MEMBER
--------------------------------------------------------

  CREATE TABLE "TEAM5_202007M"."MEMBER" 
   (	"MEM_ID" VARCHAR2(20 BYTE), 
	"MEM_NAME" VARCHAR2(20 BYTE), 
	"MEM_PASS" VARCHAR2(20 BYTE), 
	"MEM_BIR" DATE, 
	"MEM_GENDER" VARCHAR2(20 BYTE), 
	"MEM_TEL" VARCHAR2(15 BYTE), 
	"MEM_MAIL" VARCHAR2(50 BYTE), 
	"MEM_DEL" CHAR(1 BYTE) DEFAULT 0, 
	"POINT_TOTAL" NUMBER DEFAULT 0, 
	"ADMIN_AUTH" CHAR(1 BYTE) DEFAULT 0, 
	"DEL_REASON" VARCHAR2(600 BYTE), 
	"MEM_LASTPOINT" VARCHAR2(100 BYTE)
   ) SEGMENT CREATION IMMEDIATE 
  PCTFREE 10 PCTUSED 40 INITRANS 1 MAXTRANS 255 NOCOMPRESS LOGGING
  STORAGE(INITIAL 65536 NEXT 1048576 MINEXTENTS 1 MAXEXTENTS 2147483645
  PCTINCREASE 0 FREELISTS 1 FREELIST GROUPS 1 BUFFER_POOL DEFAULT FLASH_CACHE DEFAULT CELL_FLASH_CACHE DEFAULT)
  TABLESPACE "TS_202007M" ;

   COMMENT ON COLUMN "TEAM5_202007M"."MEMBER"."MEM_GENDER" IS '남성 or 여성 or 그 외
';
   COMMENT ON COLUMN "TEAM5_202007M"."MEMBER"."DEL_REASON" IS '탈퇴사유';
   COMMENT ON COLUMN "TEAM5_202007M"."MEMBER"."MEM_LASTPOINT" IS '마지막 획득 포인트';
--------------------------------------------------------
--  DDL for Table NOTICE_BOARD
--------------------------------------------------------

  CREATE TABLE "TEAM5_202007M"."NOTICE_BOARD" 
   (	"NOTICE_NO" NUMBER, 
	"NOTICE_DATE" DATE, 
	"NOTICE_TITLE" VARCHAR2(100 BYTE), 
	"NOTICE_CONTENT" CLOB, 
	"NOTICE_CATE" VARCHAR2(20 BYTE) DEFAULT '공지사항'
   ) SEGMENT CREATION IMMEDIATE 
  PCTFREE 10 PCTUSED 40 INITRANS 1 MAXTRANS 255 NOCOMPRESS LOGGING
  STORAGE(INITIAL 65536 NEXT 1048576 MINEXTENTS 1 MAXEXTENTS 2147483645
  PCTINCREASE 0 FREELISTS 1 FREELIST GROUPS 1 BUFFER_POOL DEFAULT FLASH_CACHE DEFAULT CELL_FLASH_CACHE DEFAULT)
  TABLESPACE "TS_202007M" 
 LOB ("NOTICE_CONTENT") STORE AS BASICFILE (
  TABLESPACE "TS_202007M" ENABLE STORAGE IN ROW CHUNK 8192 RETENTION 
  NOCACHE LOGGING 
  STORAGE(INITIAL 65536 NEXT 1048576 MINEXTENTS 1 MAXEXTENTS 2147483645
  PCTINCREASE 0 FREELISTS 1 FREELIST GROUPS 1 BUFFER_POOL DEFAULT FLASH_CACHE DEFAULT CELL_FLASH_CACHE DEFAULT)) ;
--------------------------------------------------------
--  DDL for Table PAYMENT
--------------------------------------------------------

  CREATE TABLE "TEAM5_202007M"."PAYMENT" 
   (	"PAY_NO" NUMBER, 
	"PAY_DATE" DATE, 
	"PAY_POINT" NUMBER, 
	"CART_NO" NUMBER
   ) SEGMENT CREATION IMMEDIATE 
  PCTFREE 10 PCTUSED 40 INITRANS 1 MAXTRANS 255 NOCOMPRESS LOGGING
  STORAGE(INITIAL 65536 NEXT 1048576 MINEXTENTS 1 MAXEXTENTS 2147483645
  PCTINCREASE 0 FREELISTS 1 FREELIST GROUPS 1 BUFFER_POOL DEFAULT FLASH_CACHE DEFAULT CELL_FLASH_CACHE DEFAULT)
  TABLESPACE "TS_202007M" ;
--------------------------------------------------------
--  DDL for Table PICTURE
--------------------------------------------------------

  CREATE TABLE "TEAM5_202007M"."PICTURE" 
   (	"PIC_NO" NUMBER, 
	"PIC_PATH" VARCHAR2(2000 BYTE), 
	"PIC_EXTSN" VARCHAR2(20 BYTE), 
	"PIC_STRE" VARCHAR2(255 BYTE), 
	"PIC_SN" NUMBER, 
	"PIC_ORIGNL" VARCHAR2(255 BYTE), 
	"PIC_SIZE" NUMBER, 
	"PIC_CN" CLOB, 
	"PIC_DATE" DATE, 
	"BOARD_NO" NUMBER
   ) SEGMENT CREATION IMMEDIATE 
  PCTFREE 10 PCTUSED 40 INITRANS 1 MAXTRANS 255 NOCOMPRESS LOGGING
  STORAGE(INITIAL 65536 NEXT 1048576 MINEXTENTS 1 MAXEXTENTS 2147483645
  PCTINCREASE 0 FREELISTS 1 FREELIST GROUPS 1 BUFFER_POOL DEFAULT FLASH_CACHE DEFAULT CELL_FLASH_CACHE DEFAULT)
  TABLESPACE "TS_202007M" 
 LOB ("PIC_CN") STORE AS BASICFILE (
  TABLESPACE "TS_202007M" ENABLE STORAGE IN ROW CHUNK 8192 RETENTION 
  NOCACHE LOGGING 
  STORAGE(INITIAL 65536 NEXT 1048576 MINEXTENTS 1 MAXEXTENTS 2147483645
  PCTINCREASE 0 FREELISTS 1 FREELIST GROUPS 1 BUFFER_POOL DEFAULT FLASH_CACHE DEFAULT CELL_FLASH_CACHE DEFAULT)) ;
--------------------------------------------------------
--  DDL for Table POINT_SELECT
--------------------------------------------------------

  CREATE TABLE "TEAM5_202007M"."POINT_SELECT" 
   (	"POINT_NO" NUMBER, 
	"POINT_DATE" DATE, 
	"POINT_HISTORY" VARCHAR2(50 BYTE), 
	"POINT_TOTAL" NUMBER, 
	"MEM_ID" VARCHAR2(20 BYTE)
   ) SEGMENT CREATION IMMEDIATE 
  PCTFREE 10 PCTUSED 40 INITRANS 1 MAXTRANS 255 NOCOMPRESS LOGGING
  STORAGE(INITIAL 65536 NEXT 1048576 MINEXTENTS 1 MAXEXTENTS 2147483645
  PCTINCREASE 0 FREELISTS 1 FREELIST GROUPS 1 BUFFER_POOL DEFAULT FLASH_CACHE DEFAULT CELL_FLASH_CACHE DEFAULT)
  TABLESPACE "TS_202007M" ;
--------------------------------------------------------
--  DDL for Table POINTCHARGE
--------------------------------------------------------

  CREATE TABLE "TEAM5_202007M"."POINTCHARGE" 
   (	"CHARGE_MONEY" NUMBER, 
	"POINT" NUMBER
   ) SEGMENT CREATION IMMEDIATE 
  PCTFREE 10 PCTUSED 40 INITRANS 1 MAXTRANS 255 NOCOMPRESS LOGGING
  STORAGE(INITIAL 65536 NEXT 1048576 MINEXTENTS 1 MAXEXTENTS 2147483645
  PCTINCREASE 0 FREELISTS 1 FREELIST GROUPS 1 BUFFER_POOL DEFAULT FLASH_CACHE DEFAULT CELL_FLASH_CACHE DEFAULT)
  TABLESPACE "TS_202007M" ;
--------------------------------------------------------
--  DDL for Table RECIPE_CATEGORY
--------------------------------------------------------

  CREATE TABLE "TEAM5_202007M"."RECIPE_CATEGORY" 
   (	"RECIPE_ID" VARCHAR2(30 BYTE)
   ) SEGMENT CREATION IMMEDIATE 
  PCTFREE 10 PCTUSED 40 INITRANS 1 MAXTRANS 255 NOCOMPRESS LOGGING
  STORAGE(INITIAL 65536 NEXT 1048576 MINEXTENTS 1 MAXEXTENTS 2147483645
  PCTINCREASE 0 FREELISTS 1 FREELIST GROUPS 1 BUFFER_POOL DEFAULT FLASH_CACHE DEFAULT CELL_FLASH_CACHE DEFAULT)
  TABLESPACE "TS_202007M" ;
--------------------------------------------------------
--  DDL for Table REPORT
--------------------------------------------------------

  CREATE TABLE "TEAM5_202007M"."REPORT" 
   (	"REPORT_NO" NUMBER, 
	"REPORT_DATE" DATE, 
	"REPORT_CONTENT" VARCHAR2(500 BYTE), 
	"REPORT_CHECK" CHAR(1 BYTE) DEFAULT 0, 
	"REPORT_CHECK_DATE" DATE, 
	"REPORT_CATE" VARCHAR2(100 BYTE), 
	"BOARD_NO" NUMBER, 
	"MEM_ID" VARCHAR2(20 BYTE)
   ) SEGMENT CREATION IMMEDIATE 
  PCTFREE 10 PCTUSED 40 INITRANS 1 MAXTRANS 255 NOCOMPRESS LOGGING
  STORAGE(INITIAL 65536 NEXT 1048576 MINEXTENTS 1 MAXEXTENTS 2147483645
  PCTINCREASE 0 FREELISTS 1 FREELIST GROUPS 1 BUFFER_POOL DEFAULT FLASH_CACHE DEFAULT CELL_FLASH_CACHE DEFAULT)
  TABLESPACE "TS_202007M" ;
--------------------------------------------------------
--  DDL for Table REPORT_CATEGORY
--------------------------------------------------------

  CREATE TABLE "TEAM5_202007M"."REPORT_CATEGORY" 
   (	"REPORT_CATE" VARCHAR2(100 BYTE)
   ) SEGMENT CREATION IMMEDIATE 
  PCTFREE 10 PCTUSED 40 INITRANS 1 MAXTRANS 255 NOCOMPRESS LOGGING
  STORAGE(INITIAL 65536 NEXT 1048576 MINEXTENTS 1 MAXEXTENTS 2147483645
  PCTINCREASE 0 FREELISTS 1 FREELIST GROUPS 1 BUFFER_POOL DEFAULT FLASH_CACHE DEFAULT CELL_FLASH_CACHE DEFAULT)
  TABLESPACE "TS_202007M" ;
--------------------------------------------------------
--  DDL for Table RP_BOARD
--------------------------------------------------------

  CREATE TABLE "TEAM5_202007M"."RP_BOARD" 
   (	"BOARD_NO" NUMBER, 
	"BOARD_TITLE" VARCHAR2(100 BYTE), 
	"BOARD_CONTENT" CLOB, 
	"BOARD_DATE" DATE, 
	"BOARD_PRICE" NUMBER DEFAULT 0, 
	"RECIPE_ID" VARCHAR2(30 BYTE), 
	"FOOD_ID" VARCHAR2(30 BYTE), 
	"MEM_ID" VARCHAR2(20 BYTE), 
	"BOARD_LIKE" NUMBER DEFAULT 0, 
	"BOARD_CNT" NUMBER DEFAULT 0, 
	"BOARD_IMG" CLOB
   ) SEGMENT CREATION IMMEDIATE 
  PCTFREE 10 PCTUSED 40 INITRANS 1 MAXTRANS 255 NOCOMPRESS LOGGING
  STORAGE(INITIAL 65536 NEXT 1048576 MINEXTENTS 1 MAXEXTENTS 2147483645
  PCTINCREASE 0 FREELISTS 1 FREELIST GROUPS 1 BUFFER_POOL DEFAULT FLASH_CACHE DEFAULT CELL_FLASH_CACHE DEFAULT)
  TABLESPACE "TS_202007M" 
 LOB ("BOARD_CONTENT") STORE AS BASICFILE (
  TABLESPACE "TS_202007M" ENABLE STORAGE IN ROW CHUNK 8192 RETENTION 
  NOCACHE LOGGING 
  STORAGE(INITIAL 65536 NEXT 1048576 MINEXTENTS 1 MAXEXTENTS 2147483645
  PCTINCREASE 0 FREELISTS 1 FREELIST GROUPS 1 BUFFER_POOL DEFAULT FLASH_CACHE DEFAULT CELL_FLASH_CACHE DEFAULT)) 
 LOB ("BOARD_IMG") STORE AS BASICFILE (
  TABLESPACE "TS_202007M" ENABLE STORAGE IN ROW CHUNK 8192 RETENTION 
  NOCACHE LOGGING 
  STORAGE(INITIAL 65536 NEXT 1048576 MINEXTENTS 1 MAXEXTENTS 2147483645
  PCTINCREASE 0 FREELISTS 1 FREELIST GROUPS 1 BUFFER_POOL DEFAULT FLASH_CACHE DEFAULT CELL_FLASH_CACHE DEFAULT)) ;
--------------------------------------------------------
--  DDL for Table SALE
--------------------------------------------------------

  CREATE TABLE "TEAM5_202007M"."SALE" 
   (	"SALE_MONTH" DATE, 
	"SALE_VALUE" NUMBER
   ) SEGMENT CREATION IMMEDIATE 
  PCTFREE 10 PCTUSED 40 INITRANS 1 MAXTRANS 255 NOCOMPRESS LOGGING
  STORAGE(INITIAL 65536 NEXT 1048576 MINEXTENTS 1 MAXEXTENTS 2147483645
  PCTINCREASE 0 FREELISTS 1 FREELIST GROUPS 1 BUFFER_POOL DEFAULT FLASH_CACHE DEFAULT CELL_FLASH_CACHE DEFAULT)
  TABLESPACE "TS_202007M" ;
--------------------------------------------------------
--  DDL for Table STAR
--------------------------------------------------------

  CREATE TABLE "TEAM5_202007M"."STAR" 
   (	"STAR_TOTAL" NUMBER, 
	"STAR_COUNT" NUMBER, 
	"STAR_AVG" NUMBER, 
	"BOARD_NO" NUMBER
   ) SEGMENT CREATION IMMEDIATE 
  PCTFREE 10 PCTUSED 40 INITRANS 1 MAXTRANS 255 NOCOMPRESS LOGGING
  STORAGE(INITIAL 65536 NEXT 1048576 MINEXTENTS 1 MAXEXTENTS 2147483645
  PCTINCREASE 0 FREELISTS 1 FREELIST GROUPS 1 BUFFER_POOL DEFAULT FLASH_CACHE DEFAULT CELL_FLASH_CACHE DEFAULT)
  TABLESPACE "TS_202007M" ;
REM INSERTING into TEAM5_202007M.BLACKLIST
SET DEFINE OFF;
Insert into TEAM5_202007M.BLACKLIST (MEM_ID,B_REASON,B_DATE) values ('1q2w3e4r','불법홍보',to_date('2020/11/16','YYYY/MM/DD'));
Insert into TEAM5_202007M.BLACKLIST (MEM_ID,B_REASON,B_DATE) values ('a001','성의 없는 게시글을 올렸어요',to_date('2020/11/17','YYYY/MM/DD'));
Insert into TEAM5_202007M.BLACKLIST (MEM_ID,B_REASON,B_DATE) values ('a006','불법홍보',to_date('2020/11/16','YYYY/MM/DD'));
REM INSERTING into TEAM5_202007M.BOOKMARK
SET DEFINE OFF;
REM INSERTING into TEAM5_202007M.CART
SET DEFINE OFF;
Insert into TEAM5_202007M.CART (CART_NO,CART_DATE,MEM_ID,BOARD_NO,PAY_CHECK) values (268,to_date('2020/11/13','YYYY/MM/DD'),'wlsdnjs4405',266,'1');
Insert into TEAM5_202007M.CART (CART_NO,CART_DATE,MEM_ID,BOARD_NO,PAY_CHECK) values (361,to_date('2020/11/16','YYYY/MM/DD'),'zxczxc11',266,'0');
Insert into TEAM5_202007M.CART (CART_NO,CART_DATE,MEM_ID,BOARD_NO,PAY_CHECK) values (362,to_date('2020/11/16','YYYY/MM/DD'),'zxczxc11',266,'0');
Insert into TEAM5_202007M.CART (CART_NO,CART_DATE,MEM_ID,BOARD_NO,PAY_CHECK) values (363,to_date('2020/11/16','YYYY/MM/DD'),'zxczxc11',273,'1');
Insert into TEAM5_202007M.CART (CART_NO,CART_DATE,MEM_ID,BOARD_NO,PAY_CHECK) values (374,to_date('2020/11/16','YYYY/MM/DD'),'rlfdudwn',273,'1');
Insert into TEAM5_202007M.CART (CART_NO,CART_DATE,MEM_ID,BOARD_NO,PAY_CHECK) values (378,to_date('2020/11/16','YYYY/MM/DD'),'admin',377,'0');
Insert into TEAM5_202007M.CART (CART_NO,CART_DATE,MEM_ID,BOARD_NO,PAY_CHECK) values (414,to_date('2020/11/16','YYYY/MM/DD'),'rlfdudwn',386,'0');
Insert into TEAM5_202007M.CART (CART_NO,CART_DATE,MEM_ID,BOARD_NO,PAY_CHECK) values (452,to_date('2020/11/17','YYYY/MM/DD'),'kartoria',382,'2');
Insert into TEAM5_202007M.CART (CART_NO,CART_DATE,MEM_ID,BOARD_NO,PAY_CHECK) values (453,to_date('2020/11/17','YYYY/MM/DD'),'kartoria',266,'1');
Insert into TEAM5_202007M.CART (CART_NO,CART_DATE,MEM_ID,BOARD_NO,PAY_CHECK) values (454,to_date('2020/11/17','YYYY/MM/DD'),'kartoria',266,'1');
Insert into TEAM5_202007M.CART (CART_NO,CART_DATE,MEM_ID,BOARD_NO,PAY_CHECK) values (455,to_date('2020/11/17','YYYY/MM/DD'),'kartoria',382,'2');
Insert into TEAM5_202007M.CART (CART_NO,CART_DATE,MEM_ID,BOARD_NO,PAY_CHECK) values (456,to_date('2020/11/17','YYYY/MM/DD'),'kartoria',382,'2');
Insert into TEAM5_202007M.CART (CART_NO,CART_DATE,MEM_ID,BOARD_NO,PAY_CHECK) values (457,to_date('2020/11/17','YYYY/MM/DD'),'kartoria',382,'2');
Insert into TEAM5_202007M.CART (CART_NO,CART_DATE,MEM_ID,BOARD_NO,PAY_CHECK) values (458,to_date('2020/11/17','YYYY/MM/DD'),'kartoria',377,'1');
Insert into TEAM5_202007M.CART (CART_NO,CART_DATE,MEM_ID,BOARD_NO,PAY_CHECK) values (459,to_date('2020/11/17','YYYY/MM/DD'),'kartoria',377,'1');
Insert into TEAM5_202007M.CART (CART_NO,CART_DATE,MEM_ID,BOARD_NO,PAY_CHECK) values (460,to_date('2020/11/17','YYYY/MM/DD'),'kartoria',386,'1');
Insert into TEAM5_202007M.CART (CART_NO,CART_DATE,MEM_ID,BOARD_NO,PAY_CHECK) values (465,to_date('2020/11/17','YYYY/MM/DD'),'rlfdudwn8',266,'0');
Insert into TEAM5_202007M.CART (CART_NO,CART_DATE,MEM_ID,BOARD_NO,PAY_CHECK) values (466,to_date('2020/11/17','YYYY/MM/DD'),'rlfdudwn8',266,'0');
Insert into TEAM5_202007M.CART (CART_NO,CART_DATE,MEM_ID,BOARD_NO,PAY_CHECK) values (467,to_date('2020/11/17','YYYY/MM/DD'),'rlfdudwn8',382,'0');
Insert into TEAM5_202007M.CART (CART_NO,CART_DATE,MEM_ID,BOARD_NO,PAY_CHECK) values (468,to_date('2020/11/17','YYYY/MM/DD'),'rlfdudwn8',377,'0');
Insert into TEAM5_202007M.CART (CART_NO,CART_DATE,MEM_ID,BOARD_NO,PAY_CHECK) values (469,to_date('2020/11/17','YYYY/MM/DD'),'rlfdudwn8',377,'0');
Insert into TEAM5_202007M.CART (CART_NO,CART_DATE,MEM_ID,BOARD_NO,PAY_CHECK) values (275,to_date('2020/11/13','YYYY/MM/DD'),'wlsdnjs4405',273,'1');
Insert into TEAM5_202007M.CART (CART_NO,CART_DATE,MEM_ID,BOARD_NO,PAY_CHECK) values (301,to_date('2020/11/14','YYYY/MM/DD'),'wlsdnjs4405',266,'1');
Insert into TEAM5_202007M.CART (CART_NO,CART_DATE,MEM_ID,BOARD_NO,PAY_CHECK) values (341,to_date('2020/11/16','YYYY/MM/DD'),'kartoria',266,'1');
Insert into TEAM5_202007M.CART (CART_NO,CART_DATE,MEM_ID,BOARD_NO,PAY_CHECK) values (366,to_date('2020/11/16','YYYY/MM/DD'),'wlsdnjs4405',273,'1');
Insert into TEAM5_202007M.CART (CART_NO,CART_DATE,MEM_ID,BOARD_NO,PAY_CHECK) values (442,to_date('2020/11/17','YYYY/MM/DD'),'wlsdnjs123',273,'0');
Insert into TEAM5_202007M.CART (CART_NO,CART_DATE,MEM_ID,BOARD_NO,PAY_CHECK) values (447,to_date('2020/11/17','YYYY/MM/DD'),'wlsdnjs0707',382,'1');
Insert into TEAM5_202007M.CART (CART_NO,CART_DATE,MEM_ID,BOARD_NO,PAY_CHECK) values (448,to_date('2020/11/17','YYYY/MM/DD'),'wlsdnjs0707',382,'1');
Insert into TEAM5_202007M.CART (CART_NO,CART_DATE,MEM_ID,BOARD_NO,PAY_CHECK) values (449,to_date('2020/11/17','YYYY/MM/DD'),'wlsdnjs0707',386,'1');
Insert into TEAM5_202007M.CART (CART_NO,CART_DATE,MEM_ID,BOARD_NO,PAY_CHECK) values (450,to_date('2020/11/17','YYYY/MM/DD'),'wlsdnjs0707',377,'1');
Insert into TEAM5_202007M.CART (CART_NO,CART_DATE,MEM_ID,BOARD_NO,PAY_CHECK) values (393,to_date('2020/11/16','YYYY/MM/DD'),'kartoria',266,'1');
Insert into TEAM5_202007M.CART (CART_NO,CART_DATE,MEM_ID,BOARD_NO,PAY_CHECK) values (394,to_date('2020/11/16','YYYY/MM/DD'),'rlfdudwn',386,'1');
Insert into TEAM5_202007M.CART (CART_NO,CART_DATE,MEM_ID,BOARD_NO,PAY_CHECK) values (395,to_date('2020/11/16','YYYY/MM/DD'),'rlfdudwn',382,'1');
Insert into TEAM5_202007M.CART (CART_NO,CART_DATE,MEM_ID,BOARD_NO,PAY_CHECK) values (396,to_date('2020/11/16','YYYY/MM/DD'),'rlfdudwn',266,'1');
Insert into TEAM5_202007M.CART (CART_NO,CART_DATE,MEM_ID,BOARD_NO,PAY_CHECK) values (397,to_date('2020/11/16','YYYY/MM/DD'),'rlfdudwn',266,'1');
Insert into TEAM5_202007M.CART (CART_NO,CART_DATE,MEM_ID,BOARD_NO,PAY_CHECK) values (398,to_date('2020/11/16','YYYY/MM/DD'),'rlfdudwn',382,'1');
Insert into TEAM5_202007M.CART (CART_NO,CART_DATE,MEM_ID,BOARD_NO,PAY_CHECK) values (399,to_date('2020/11/16','YYYY/MM/DD'),'rlfdudwn',266,'1');
Insert into TEAM5_202007M.CART (CART_NO,CART_DATE,MEM_ID,BOARD_NO,PAY_CHECK) values (402,to_date('2020/11/16','YYYY/MM/DD'),'rlfdudwn',382,'1');
Insert into TEAM5_202007M.CART (CART_NO,CART_DATE,MEM_ID,BOARD_NO,PAY_CHECK) values (403,to_date('2020/11/16','YYYY/MM/DD'),'rlfdudwn',382,'1');
Insert into TEAM5_202007M.CART (CART_NO,CART_DATE,MEM_ID,BOARD_NO,PAY_CHECK) values (404,to_date('2020/11/16','YYYY/MM/DD'),'rlfdudwn',386,'1');
Insert into TEAM5_202007M.CART (CART_NO,CART_DATE,MEM_ID,BOARD_NO,PAY_CHECK) values (405,to_date('2020/11/16','YYYY/MM/DD'),'rlfdudwn',377,'1');
Insert into TEAM5_202007M.CART (CART_NO,CART_DATE,MEM_ID,BOARD_NO,PAY_CHECK) values (406,to_date('2020/11/16','YYYY/MM/DD'),'rlfdudwn',377,'1');
Insert into TEAM5_202007M.CART (CART_NO,CART_DATE,MEM_ID,BOARD_NO,PAY_CHECK) values (407,to_date('2020/11/16','YYYY/MM/DD'),'rlfdudwn',386,'1');
Insert into TEAM5_202007M.CART (CART_NO,CART_DATE,MEM_ID,BOARD_NO,PAY_CHECK) values (408,to_date('2020/11/16','YYYY/MM/DD'),'rlfdudwn',382,'1');
Insert into TEAM5_202007M.CART (CART_NO,CART_DATE,MEM_ID,BOARD_NO,PAY_CHECK) values (409,to_date('2020/11/16','YYYY/MM/DD'),'rlfdudwn',377,'1');
Insert into TEAM5_202007M.CART (CART_NO,CART_DATE,MEM_ID,BOARD_NO,PAY_CHECK) values (410,to_date('2020/11/16','YYYY/MM/DD'),'rlfdudwn',382,'0');
Insert into TEAM5_202007M.CART (CART_NO,CART_DATE,MEM_ID,BOARD_NO,PAY_CHECK) values (411,to_date('2020/11/16','YYYY/MM/DD'),'kartoria',266,'1');
Insert into TEAM5_202007M.CART (CART_NO,CART_DATE,MEM_ID,BOARD_NO,PAY_CHECK) values (412,to_date('2020/11/16','YYYY/MM/DD'),'kartoria',266,'1');
Insert into TEAM5_202007M.CART (CART_NO,CART_DATE,MEM_ID,BOARD_NO,PAY_CHECK) values (413,to_date('2020/11/16','YYYY/MM/DD'),'kartoria',266,'1');
Insert into TEAM5_202007M.CART (CART_NO,CART_DATE,MEM_ID,BOARD_NO,PAY_CHECK) values (415,to_date('2020/11/16','YYYY/MM/DD'),'wlsdnjs123',266,'1');
Insert into TEAM5_202007M.CART (CART_NO,CART_DATE,MEM_ID,BOARD_NO,PAY_CHECK) values (416,to_date('2020/11/16','YYYY/MM/DD'),'wlsdnjs123',386,'1');
Insert into TEAM5_202007M.CART (CART_NO,CART_DATE,MEM_ID,BOARD_NO,PAY_CHECK) values (417,to_date('2020/11/16','YYYY/MM/DD'),'wlsdnjs123',386,'1');
Insert into TEAM5_202007M.CART (CART_NO,CART_DATE,MEM_ID,BOARD_NO,PAY_CHECK) values (381,to_date('2020/11/16','YYYY/MM/DD'),'kartoria',266,'1');
Insert into TEAM5_202007M.CART (CART_NO,CART_DATE,MEM_ID,BOARD_NO,PAY_CHECK) values (392,to_date('2020/11/16','YYYY/MM/DD'),'admin',266,'0');
Insert into TEAM5_202007M.CART (CART_NO,CART_DATE,MEM_ID,BOARD_NO,PAY_CHECK) values (418,to_date('2020/11/16','YYYY/MM/DD'),'wlsdnjs123',266,'1');
Insert into TEAM5_202007M.CART (CART_NO,CART_DATE,MEM_ID,BOARD_NO,PAY_CHECK) values (419,to_date('2020/11/16','YYYY/MM/DD'),'wlsdnjs123',382,'1');
Insert into TEAM5_202007M.CART (CART_NO,CART_DATE,MEM_ID,BOARD_NO,PAY_CHECK) values (420,to_date('2020/11/16','YYYY/MM/DD'),'wlsdnjs123',386,'1');
Insert into TEAM5_202007M.CART (CART_NO,CART_DATE,MEM_ID,BOARD_NO,PAY_CHECK) values (421,to_date('2020/11/16','YYYY/MM/DD'),'wlsdnjs123',377,'0');
Insert into TEAM5_202007M.CART (CART_NO,CART_DATE,MEM_ID,BOARD_NO,PAY_CHECK) values (429,to_date('2020/11/16','YYYY/MM/DD'),'kartoria',266,'1');
Insert into TEAM5_202007M.CART (CART_NO,CART_DATE,MEM_ID,BOARD_NO,PAY_CHECK) values (451,to_date('2020/11/17','YYYY/MM/DD'),'kartoria',266,'1');
Insert into TEAM5_202007M.CART (CART_NO,CART_DATE,MEM_ID,BOARD_NO,PAY_CHECK) values (462,to_date('2020/11/17','YYYY/MM/DD'),'jeon5014',382,'0');
Insert into TEAM5_202007M.CART (CART_NO,CART_DATE,MEM_ID,BOARD_NO,PAY_CHECK) values (463,to_date('2020/11/17','YYYY/MM/DD'),'jeon5014',386,'1');
Insert into TEAM5_202007M.CART (CART_NO,CART_DATE,MEM_ID,BOARD_NO,PAY_CHECK) values (464,to_date('2020/11/17','YYYY/MM/DD'),'jeon5014',377,'0');
Insert into TEAM5_202007M.CART (CART_NO,CART_DATE,MEM_ID,BOARD_NO,PAY_CHECK) values (364,to_date('2020/11/16','YYYY/MM/DD'),'kartoria',266,'1');
Insert into TEAM5_202007M.CART (CART_NO,CART_DATE,MEM_ID,BOARD_NO,PAY_CHECK) values (367,to_date('2020/11/16','YYYY/MM/DD'),'rlfdudwn',266,'1');
Insert into TEAM5_202007M.CART (CART_NO,CART_DATE,MEM_ID,BOARD_NO,PAY_CHECK) values (368,to_date('2020/11/16','YYYY/MM/DD'),'wlsdnjs4405',266,'1');
Insert into TEAM5_202007M.CART (CART_NO,CART_DATE,MEM_ID,BOARD_NO,PAY_CHECK) values (390,to_date('2020/11/16','YYYY/MM/DD'),'wlsdnjs4405',377,'1');
Insert into TEAM5_202007M.CART (CART_NO,CART_DATE,MEM_ID,BOARD_NO,PAY_CHECK) values (342,to_date('2020/11/16','YYYY/MM/DD'),'kartoria',266,'1');
Insert into TEAM5_202007M.CART (CART_NO,CART_DATE,MEM_ID,BOARD_NO,PAY_CHECK) values (391,to_date('2020/11/16','YYYY/MM/DD'),'wlsdnjs4405',382,'1');
Insert into TEAM5_202007M.CART (CART_NO,CART_DATE,MEM_ID,BOARD_NO,PAY_CHECK) values (422,to_date('2020/11/16','YYYY/MM/DD'),'wlsdnjs4405',377,'1');
Insert into TEAM5_202007M.CART (CART_NO,CART_DATE,MEM_ID,BOARD_NO,PAY_CHECK) values (423,to_date('2020/11/16','YYYY/MM/DD'),'wlsdnjs4405',382,'1');
Insert into TEAM5_202007M.CART (CART_NO,CART_DATE,MEM_ID,BOARD_NO,PAY_CHECK) values (424,to_date('2020/11/16','YYYY/MM/DD'),'wlsdnjs4405',266,'1');
Insert into TEAM5_202007M.CART (CART_NO,CART_DATE,MEM_ID,BOARD_NO,PAY_CHECK) values (425,to_date('2020/11/16','YYYY/MM/DD'),'wlsdnjs4405',386,'1');
Insert into TEAM5_202007M.CART (CART_NO,CART_DATE,MEM_ID,BOARD_NO,PAY_CHECK) values (426,to_date('2020/11/16','YYYY/MM/DD'),'wlsdnjs4405',388,'0');
Insert into TEAM5_202007M.CART (CART_NO,CART_DATE,MEM_ID,BOARD_NO,PAY_CHECK) values (427,to_date('2020/11/16','YYYY/MM/DD'),'wlsdnjs4405',382,'1');
Insert into TEAM5_202007M.CART (CART_NO,CART_DATE,MEM_ID,BOARD_NO,PAY_CHECK) values (428,to_date('2020/11/16','YYYY/MM/DD'),'wlsdnjs4405',273,'0');
Insert into TEAM5_202007M.CART (CART_NO,CART_DATE,MEM_ID,BOARD_NO,PAY_CHECK) values (441,to_date('2020/11/17','YYYY/MM/DD'),'kartoria',266,'1');
Insert into TEAM5_202007M.CART (CART_NO,CART_DATE,MEM_ID,BOARD_NO,PAY_CHECK) values (444,to_date('2020/11/17','YYYY/MM/DD'),'wlsdnjs123',377,'0');
Insert into TEAM5_202007M.CART (CART_NO,CART_DATE,MEM_ID,BOARD_NO,PAY_CHECK) values (445,to_date('2020/11/17','YYYY/MM/DD'),'wlsdnjs123',377,'0');
Insert into TEAM5_202007M.CART (CART_NO,CART_DATE,MEM_ID,BOARD_NO,PAY_CHECK) values (373,to_date('2020/11/16','YYYY/MM/DD'),'rlfdudwn8',266,'1');
Insert into TEAM5_202007M.CART (CART_NO,CART_DATE,MEM_ID,BOARD_NO,PAY_CHECK) values (400,to_date('2020/11/16','YYYY/MM/DD'),'wlsdnjs4405',386,'1');
Insert into TEAM5_202007M.CART (CART_NO,CART_DATE,MEM_ID,BOARD_NO,PAY_CHECK) values (401,to_date('2020/11/16','YYYY/MM/DD'),'wlsdnjs4405',273,'1');
Insert into TEAM5_202007M.CART (CART_NO,CART_DATE,MEM_ID,BOARD_NO,PAY_CHECK) values (274,to_date('2020/11/13','YYYY/MM/DD'),'admin',273,'0');
Insert into TEAM5_202007M.CART (CART_NO,CART_DATE,MEM_ID,BOARD_NO,PAY_CHECK) values (280,to_date('2020/11/13','YYYY/MM/DD'),'wlsdnjs4405',273,'1');
REM INSERTING into TEAM5_202007M.CHAT
SET DEFINE OFF;
REM INSERTING into TEAM5_202007M.CHATING
SET DEFINE OFF;
REM INSERTING into TEAM5_202007M.COMMENT_BOARD
SET DEFINE OFF;
Insert into TEAM5_202007M.COMMENT_BOARD (COM_NO,COM_DATE,COM_CONTENT,MEM_ID,BOARD_NO,COM_STAR) values (234,to_date('2020/11/16','YYYY/MM/DD'),'너무 매워요 :(','wlsdnjs4405',278,2);
Insert into TEAM5_202007M.COMMENT_BOARD (COM_NO,COM_DATE,COM_CONTENT,MEM_ID,BOARD_NO,COM_STAR) values (236,to_date('2020/11/16','YYYY/MM/DD'),'오... 좋은 아이디어','wlsdnjs4405',321,4);
Insert into TEAM5_202007M.COMMENT_BOARD (COM_NO,COM_DATE,COM_CONTENT,MEM_ID,BOARD_NO,COM_STAR) values (338,to_date('2020/11/17','YYYY/MM/DD'),'맛있네요!!','kartoria',277,4);
Insert into TEAM5_202007M.COMMENT_BOARD (COM_NO,COM_DATE,COM_CONTENT,MEM_ID,BOARD_NO,COM_STAR) values (235,to_date('2020/11/16','YYYY/MM/DD'),'맛있어요!! 일품이에요','wlsdnjs4405',279,5);
Insert into TEAM5_202007M.COMMENT_BOARD (COM_NO,COM_DATE,COM_CONTENT,MEM_ID,BOARD_NO,COM_STAR) values (237,to_date('2020/11/16','YYYY/MM/DD'),'아이들이 너무 잘 먹어요!!','a01010',277,5);
Insert into TEAM5_202007M.COMMENT_BOARD (COM_NO,COM_DATE,COM_CONTENT,MEM_ID,BOARD_NO,COM_STAR) values (238,to_date('2020/11/16','YYYY/MM/DD'),'그렇네요 대파가 없어서 너무 아쉬워요 ㅠㅠ','a01010',278,4);
Insert into TEAM5_202007M.COMMENT_BOARD (COM_NO,COM_DATE,COM_CONTENT,MEM_ID,BOARD_NO,COM_STAR) values (239,to_date('2020/11/16','YYYY/MM/DD'),'500원 짜리 크기로 두개 넣었더니 너무 많지만 그래도 맛있어요','a01010',279,5);
Insert into TEAM5_202007M.COMMENT_BOARD (COM_NO,COM_DATE,COM_CONTENT,MEM_ID,BOARD_NO,COM_STAR) values (240,to_date('2020/11/16','YYYY/MM/DD'),'ㅋㅋㅋㅋ시간체크 잘하세요!','a01010',321,5);
Insert into TEAM5_202007M.COMMENT_BOARD (COM_NO,COM_DATE,COM_CONTENT,MEM_ID,BOARD_NO,COM_STAR) values (241,to_date('2020/11/16','YYYY/MM/DD'),'싱겁네요...','kakakaak',279,2);
Insert into TEAM5_202007M.COMMENT_BOARD (COM_NO,COM_DATE,COM_CONTENT,MEM_ID,BOARD_NO,COM_STAR) values (242,to_date('2020/11/16','YYYY/MM/DD'),'간이 정말 알맞네요~~','kakakaak',277,4);
Insert into TEAM5_202007M.COMMENT_BOARD (COM_NO,COM_DATE,COM_CONTENT,MEM_ID,BOARD_NO,COM_STAR) values (243,to_date('2020/11/16','YYYY/MM/DD'),'맛있기만 한데 왜들 그러세요! 평점 5점 남겨요~^^','kakakaak',278,5);
Insert into TEAM5_202007M.COMMENT_BOARD (COM_NO,COM_DATE,COM_CONTENT,MEM_ID,BOARD_NO,COM_STAR) values (244,to_date('2020/11/16','YYYY/MM/DD'),'역시 비빔밥은 일품입니다!♡','zxczxc11',277,5);
Insert into TEAM5_202007M.COMMENT_BOARD (COM_NO,COM_DATE,COM_CONTENT,MEM_ID,BOARD_NO,COM_STAR) values (245,to_date('2020/11/16','YYYY/MM/DD'),'차라리 사먹을래요','zxczxc11',278,1);
Insert into TEAM5_202007M.COMMENT_BOARD (COM_NO,COM_DATE,COM_CONTENT,MEM_ID,BOARD_NO,COM_STAR) values (246,to_date('2020/11/16','YYYY/MM/DD'),'제 입맛에는 그저 그래요','zxczxc11',279,3);
Insert into TEAM5_202007M.COMMENT_BOARD (COM_NO,COM_DATE,COM_CONTENT,MEM_ID,BOARD_NO,COM_STAR) values (247,to_date('2020/11/16','YYYY/MM/DD'),'이게 시켜먹은 사진인가요?ㅎㅎ','zxczxc11',321,5);
Insert into TEAM5_202007M.COMMENT_BOARD (COM_NO,COM_DATE,COM_CONTENT,MEM_ID,BOARD_NO,COM_STAR) values (267,to_date('2020/11/16','YYYY/MM/DD'),'아쉬운 맛인데 괜찮네용','a001',279,4);
Insert into TEAM5_202007M.COMMENT_BOARD (COM_NO,COM_DATE,COM_CONTENT,MEM_ID,BOARD_NO,COM_STAR) values (266,to_date('2020/11/16','YYYY/MM/DD'),'레시피 대로 요리하니까 정말 굿굿~~~~','a001',279,5);
Insert into TEAM5_202007M.COMMENT_BOARD (COM_NO,COM_DATE,COM_CONTENT,MEM_ID,BOARD_NO,COM_STAR) values (281,to_date('2020/11/17','YYYY/MM/DD'),'맛','wlsdnjs4405',384,5);
Insert into TEAM5_202007M.COMMENT_BOARD (COM_NO,COM_DATE,COM_CONTENT,MEM_ID,BOARD_NO,COM_STAR) values (340,to_date('2020/11/17','YYYY/MM/DD'),'맛','wlsdnjs0101',387,5);
Insert into TEAM5_202007M.COMMENT_BOARD (COM_NO,COM_DATE,COM_CONTENT,MEM_ID,BOARD_NO,COM_STAR) values (341,to_date('2020/11/17','YYYY/MM/DD'),'맛있','wlsdnjs0101',279,5);
Insert into TEAM5_202007M.COMMENT_BOARD (COM_NO,COM_DATE,COM_CONTENT,MEM_ID,BOARD_NO,COM_STAR) values (153,to_date('2020/11/16','YYYY/MM/DD'),'그저 그래요...','1q2w3e4r',277,3);
Insert into TEAM5_202007M.COMMENT_BOARD (COM_NO,COM_DATE,COM_CONTENT,MEM_ID,BOARD_NO,COM_STAR) values (206,to_date('2020/11/16','YYYY/MM/DD'),'음.. 별로에요','a001',277,2);
Insert into TEAM5_202007M.COMMENT_BOARD (COM_NO,COM_DATE,COM_CONTENT,MEM_ID,BOARD_NO,COM_STAR) values (264,to_date('2020/11/16','YYYY/MM/DD'),'맛나구나','wlsdnjs4405',379,5);
REM INSERTING into TEAM5_202007M.FOOD_CATEGORY
SET DEFINE OFF;
Insert into TEAM5_202007M.FOOD_CATEGORY (FOOD_ID) values ('기타');
Insert into TEAM5_202007M.FOOD_CATEGORY (FOOD_ID) values ('디저트');
Insert into TEAM5_202007M.FOOD_CATEGORY (FOOD_ID) values ('분식');
Insert into TEAM5_202007M.FOOD_CATEGORY (FOOD_ID) values ('양식');
Insert into TEAM5_202007M.FOOD_CATEGORY (FOOD_ID) values ('일식');
Insert into TEAM5_202007M.FOOD_CATEGORY (FOOD_ID) values ('중식');
Insert into TEAM5_202007M.FOOD_CATEGORY (FOOD_ID) values ('한식');
REM INSERTING into TEAM5_202007M.GAME
SET DEFINE OFF;
REM INSERTING into TEAM5_202007M.LASTVIEW
SET DEFINE OFF;
REM INSERTING into TEAM5_202007M.LOG_CHK
SET DEFINE OFF;
REM INSERTING into TEAM5_202007M.MEMBER
SET DEFINE OFF;
Insert into TEAM5_202007M.MEMBER (MEM_ID,MEM_NAME,MEM_PASS,MEM_BIR,MEM_GENDER,MEM_TEL,MEM_MAIL,MEM_DEL,POINT_TOTAL,ADMIN_AUTH,DEL_REASON,MEM_LASTPOINT) values ('a01010','김선','101010',to_date('1996/12/23','YYYY/MM/DD'),'여성','01020110101','11@naver.com','0',510,'0',null,'출석체크 - 10P');
Insert into TEAM5_202007M.MEMBER (MEM_ID,MEM_NAME,MEM_PASS,MEM_BIR,MEM_GENDER,MEM_TEL,MEM_MAIL,MEM_DEL,POINT_TOTAL,ADMIN_AUTH,DEL_REASON,MEM_LASTPOINT) values ('test112','김선준','1q2w',to_date('1996/12/23','YYYY/MM/DD'),'여성','01020180767','ha961223@naver.com','0',510,'0',null,'출석체크 - 10P');
Insert into TEAM5_202007M.MEMBER (MEM_ID,MEM_NAME,MEM_PASS,MEM_BIR,MEM_GENDER,MEM_TEL,MEM_MAIL,MEM_DEL,POINT_TOTAL,ADMIN_AUTH,DEL_REASON,MEM_LASTPOINT) values ('zxczxc11','박덕규','qweqweqwe',to_date('1995/12/20','YYYY/MM/DD'),'여성','01050140707','wlsdnjs405@naver.com','0',0,'0',null,'출석체크 - 10P');
Insert into TEAM5_202007M.MEMBER (MEM_ID,MEM_NAME,MEM_PASS,MEM_BIR,MEM_GENDER,MEM_TEL,MEM_MAIL,MEM_DEL,POINT_TOTAL,ADMIN_AUTH,DEL_REASON,MEM_LASTPOINT) values ('a001','김성준','123123123',to_date('2020/11/09','YYYY/MM/DD'),'남성','01023411111','skds@naver.com','0',19330,'0',null,'출석체크 - 10P');
Insert into TEAM5_202007M.MEMBER (MEM_ID,MEM_NAME,MEM_PASS,MEM_BIR,MEM_GENDER,MEM_TEL,MEM_MAIL,MEM_DEL,POINT_TOTAL,ADMIN_AUTH,DEL_REASON,MEM_LASTPOINT) values ('rlfdudwn','길영주','1q2w3e4r',to_date('1994/11/11','YYYY/MM/DD'),'남성','01012345678','rlfdudwn@naver.com','0',80,'0',null,'출석체크 - 10P');
Insert into TEAM5_202007M.MEMBER (MEM_ID,MEM_NAME,MEM_PASS,MEM_BIR,MEM_GENDER,MEM_TEL,MEM_MAIL,MEM_DEL,POINT_TOTAL,ADMIN_AUTH,DEL_REASON,MEM_LASTPOINT) values ('wlsdnjs0101','김선준','asdasdasd',to_date('1996/01/01','YYYY/MM/DD'),'남성','01012312312','wlsdnjs405@naver.com','0',510,'0',null,'출석체크 - 10P');
Insert into TEAM5_202007M.MEMBER (MEM_ID,MEM_NAME,MEM_PASS,MEM_BIR,MEM_GENDER,MEM_TEL,MEM_MAIL,MEM_DEL,POINT_TOTAL,ADMIN_AUTH,DEL_REASON,MEM_LASTPOINT) values ('wlsdnjs405','전진원','qweqweqwe',to_date('1996/07/07','YYYY/MM/DD'),'여성','01050140707','wlsdnjs405@naver.com','0',500000,'0',null,null);
Insert into TEAM5_202007M.MEMBER (MEM_ID,MEM_NAME,MEM_PASS,MEM_BIR,MEM_GENDER,MEM_TEL,MEM_MAIL,MEM_DEL,POINT_TOTAL,ADMIN_AUTH,DEL_REASON,MEM_LASTPOINT) values ('rlfdudwn8','길영주','dkssud123',to_date('1994/07/23','YYYY/MM/DD'),'남성','01094733482','rlfdudwn8@naver.com','0',1868450,'0',null,'출석체크 - 10P');
Insert into TEAM5_202007M.MEMBER (MEM_ID,MEM_NAME,MEM_PASS,MEM_BIR,MEM_GENDER,MEM_TEL,MEM_MAIL,MEM_DEL,POINT_TOTAL,ADMIN_AUTH,DEL_REASON,MEM_LASTPOINT) values ('1q2w3e4r','김성준','1q2w3e4r',to_date('1996/07/13','YYYY/MM/DD'),'남성','01012341234','ss@naver.com','0',630,'0',null,null);
Insert into TEAM5_202007M.MEMBER (MEM_ID,MEM_NAME,MEM_PASS,MEM_BIR,MEM_GENDER,MEM_TEL,MEM_MAIL,MEM_DEL,POINT_TOTAL,ADMIN_AUTH,DEL_REASON,MEM_LASTPOINT) values ('emailTest','김선준','1q2w3e4r',to_date('1996/12/23','YYYY/MM/DD'),'남성','01010101010','ha961223@naver.com','0',550,'0',null,'출석체크 - 10P');
Insert into TEAM5_202007M.MEMBER (MEM_ID,MEM_NAME,MEM_PASS,MEM_BIR,MEM_GENDER,MEM_TEL,MEM_MAIL,MEM_DEL,POINT_TOTAL,ADMIN_AUTH,DEL_REASON,MEM_LASTPOINT) values ('test','김도강','1q2w3e4r',to_date('1996/12/23','YYYY/MM/DD'),'남성','01020180766','ha961223@naver','0',500,'0',null,null);
Insert into TEAM5_202007M.MEMBER (MEM_ID,MEM_NAME,MEM_PASS,MEM_BIR,MEM_GENDER,MEM_TEL,MEM_MAIL,MEM_DEL,POINT_TOTAL,ADMIN_AUTH,DEL_REASON,MEM_LASTPOINT) values ('kartoria','김선준','1q2w3e4r',to_date('1996/11/11','YYYY/MM/DD'),'남성','01020180766','ha961223@naver.com','0',23550,'0',null,'출석체크 - 10P');
Insert into TEAM5_202007M.MEMBER (MEM_ID,MEM_NAME,MEM_PASS,MEM_BIR,MEM_GENDER,MEM_TEL,MEM_MAIL,MEM_DEL,POINT_TOTAL,ADMIN_AUTH,DEL_REASON,MEM_LASTPOINT) values ('jeon5014','전진원','qweqweqwe',to_date('1996/07/07','YYYY/MM/DD'),'남성','01050140707','wlsdnjs405@naver.com','0',7610,'0',null,'GAME - 100P');
Insert into TEAM5_202007M.MEMBER (MEM_ID,MEM_NAME,MEM_PASS,MEM_BIR,MEM_GENDER,MEM_TEL,MEM_MAIL,MEM_DEL,POINT_TOTAL,ADMIN_AUTH,DEL_REASON,MEM_LASTPOINT) values ('kakakaak','김선준','1q2w3e4r',to_date('1996/12/23','YYYY/MM/DD'),'남성','01010201010','ha961223@naver.com','0',520,'0',null,'출석체크 - 10P');
Insert into TEAM5_202007M.MEMBER (MEM_ID,MEM_NAME,MEM_PASS,MEM_BIR,MEM_GENDER,MEM_TEL,MEM_MAIL,MEM_DEL,POINT_TOTAL,ADMIN_AUTH,DEL_REASON,MEM_LASTPOINT) values ('zxc100','전진원','123123123',to_date('1996/07/07','YYYY/MM/DD'),'남성','01050140707','wlsdnjs405@naver.com','0',500,'0',null,null);
Insert into TEAM5_202007M.MEMBER (MEM_ID,MEM_NAME,MEM_PASS,MEM_BIR,MEM_GENDER,MEM_TEL,MEM_MAIL,MEM_DEL,POINT_TOTAL,ADMIN_AUTH,DEL_REASON,MEM_LASTPOINT) values ('wlsdnjs123','전진원','123123123',to_date('1996/07/07','YYYY/MM/DD'),'남성','01050140707','wlsdnjs405@naver.com','0',1014700,'0',null,'포인트 충전 -10000P');
Insert into TEAM5_202007M.MEMBER (MEM_ID,MEM_NAME,MEM_PASS,MEM_BIR,MEM_GENDER,MEM_TEL,MEM_MAIL,MEM_DEL,POINT_TOTAL,ADMIN_AUTH,DEL_REASON,MEM_LASTPOINT) values ('admin','관리자','admin',to_date('1996/11/11','YYYY/MM/DD'),'남성','01011112222','admin@naver.com','0',950,'1',null,'출석체크 - 10P');
Insert into TEAM5_202007M.MEMBER (MEM_ID,MEM_NAME,MEM_PASS,MEM_BIR,MEM_GENDER,MEM_TEL,MEM_MAIL,MEM_DEL,POINT_TOTAL,ADMIN_AUTH,DEL_REASON,MEM_LASTPOINT) values ('wlsdnjs0707','전진원','qweqweqwe',to_date('1996/07/07','YYYY/MM/DD'),'남성','01050140707','wlsdnjs405@naver.com','0',9020,'0',null,'포인트 충전 -10000P');
Insert into TEAM5_202007M.MEMBER (MEM_ID,MEM_NAME,MEM_PASS,MEM_BIR,MEM_GENDER,MEM_TEL,MEM_MAIL,MEM_DEL,POINT_TOTAL,ADMIN_AUTH,DEL_REASON,MEM_LASTPOINT) values ('wlsdnjs4405','전진원','qweqweqwe',to_date('1996/07/07','YYYY/MM/DD'),'여성','01050140707','wlsdnjs405@naver.com','0',290550,'0',null,'출석체크 - 10P');
Insert into TEAM5_202007M.MEMBER (MEM_ID,MEM_NAME,MEM_PASS,MEM_BIR,MEM_GENDER,MEM_TEL,MEM_MAIL,MEM_DEL,POINT_TOTAL,ADMIN_AUTH,DEL_REASON,MEM_LASTPOINT) values ('a006','김평타','1q2w3e4r',to_date('1996/12/23','YYYY/MM/DD'),'남성','01020180766','ha961223@naver.com','0',510,'0',null,'출석체크 - 10P');
REM INSERTING into TEAM5_202007M.NOTICE_BOARD
SET DEFINE OFF;
Insert into TEAM5_202007M.NOTICE_BOARD (NOTICE_NO,NOTICE_DATE,NOTICE_TITLE,NOTICE_CATE) values (302,to_date('2020/11/17','YYYY/MM/DD'),'코로나19에 맞서는 우리의 마음가짐','공지사항');
Insert into TEAM5_202007M.NOTICE_BOARD (NOTICE_NO,NOTICE_DATE,NOTICE_TITLE,NOTICE_CATE) values (303,to_date('2020/11/17','YYYY/MM/DD'),'EzCooQ 서비스 점검으로 인한 제한 안내','공지사항');
Insert into TEAM5_202007M.NOTICE_BOARD (NOTICE_NO,NOTICE_DATE,NOTICE_TITLE,NOTICE_CATE) values (304,to_date('2020/11/17','YYYY/MM/DD'),'유튜브의 인터넷익스플로러 지원 중단 안내','공지사항');
Insert into TEAM5_202007M.NOTICE_BOARD (NOTICE_NO,NOTICE_DATE,NOTICE_TITLE,NOTICE_CATE) values (305,to_date('2020/11/17','YYYY/MM/DD'),'서버 유지보수 작업에 따른 홈페이지 이용제한 안내','공지사항');
Insert into TEAM5_202007M.NOTICE_BOARD (NOTICE_NO,NOTICE_DATE,NOTICE_TITLE,NOTICE_CATE) values (278,to_date('2020/11/16','YYYY/MM/DD'),'관리자 1:1 문의','QNA');
Insert into TEAM5_202007M.NOTICE_BOARD (NOTICE_NO,NOTICE_DATE,NOTICE_TITLE,NOTICE_CATE) values (276,to_date('2020/11/16','YYYY/MM/DD'),'유료 레시피','QNA');
Insert into TEAM5_202007M.NOTICE_BOARD (NOTICE_NO,NOTICE_DATE,NOTICE_TITLE,NOTICE_CATE) values (280,to_date('2020/11/16','YYYY/MM/DD'),'게시글 신고','QNA');
Insert into TEAM5_202007M.NOTICE_BOARD (NOTICE_NO,NOTICE_DATE,NOTICE_TITLE,NOTICE_CATE) values (281,to_date('2020/11/16','YYYY/MM/DD'),'공지사항','QNA');
Insert into TEAM5_202007M.NOTICE_BOARD (NOTICE_NO,NOTICE_DATE,NOTICE_TITLE,NOTICE_CATE) values (282,to_date('2020/11/16','YYYY/MM/DD'),'개인정보','QNA');
Insert into TEAM5_202007M.NOTICE_BOARD (NOTICE_NO,NOTICE_DATE,NOTICE_TITLE,NOTICE_CATE) values (306,to_date('2020/11/17','YYYY/MM/DD'),'개인정보 보호를 위한 비밀번호 변경 안내','공지사항');
Insert into TEAM5_202007M.NOTICE_BOARD (NOTICE_NO,NOTICE_DATE,NOTICE_TITLE,NOTICE_CATE) values (307,to_date('2020/11/17','YYYY/MM/DD'),'[공지]장기 미이용 고객 개인정보 파기 안내','공지사항');
Insert into TEAM5_202007M.NOTICE_BOARD (NOTICE_NO,NOTICE_DATE,NOTICE_TITLE,NOTICE_CATE) values (309,to_date('2020/11/17','YYYY/MM/DD'),'세계적 식품기업으로 성장하고 싶은 EzCooQ','공지사항');
Insert into TEAM5_202007M.NOTICE_BOARD (NOTICE_NO,NOTICE_DATE,NOTICE_TITLE,NOTICE_CATE) values (310,to_date('2020/11/17','YYYY/MM/DD'),'회원등급','QNA');
Insert into TEAM5_202007M.NOTICE_BOARD (NOTICE_NO,NOTICE_DATE,NOTICE_TITLE,NOTICE_CATE) values (308,to_date('2020/11/17','YYYY/MM/DD'),'게시글 및 댓글 수정/삭제','QNA');
REM INSERTING into TEAM5_202007M.PAYMENT
SET DEFINE OFF;
REM INSERTING into TEAM5_202007M.PICTURE
SET DEFINE OFF;
REM INSERTING into TEAM5_202007M.POINT_SELECT
SET DEFINE OFF;
REM INSERTING into TEAM5_202007M.POINTCHARGE
SET DEFINE OFF;
REM INSERTING into TEAM5_202007M.RECIPE_CATEGORY
SET DEFINE OFF;
Insert into TEAM5_202007M.RECIPE_CATEGORY (RECIPE_ID) values ('공식 레시피');
Insert into TEAM5_202007M.RECIPE_CATEGORY (RECIPE_ID) values ('유료 레시피');
Insert into TEAM5_202007M.RECIPE_CATEGORY (RECIPE_ID) values ('유저 레시피');
REM INSERTING into TEAM5_202007M.REPORT
SET DEFINE OFF;
Insert into TEAM5_202007M.REPORT (REPORT_NO,REPORT_DATE,REPORT_CONTENT,REPORT_CHECK,REPORT_CHECK_DATE,REPORT_CATE,BOARD_NO,MEM_ID) values (81,to_date('2020/11/17','YYYY/MM/DD'),'불법홍보','0',null,null,279,'wlsdnjs4405');
Insert into TEAM5_202007M.REPORT (REPORT_NO,REPORT_DATE,REPORT_CONTENT,REPORT_CHECK,REPORT_CHECK_DATE,REPORT_CATE,BOARD_NO,MEM_ID) values (83,to_date('2020/11/17','YYYY/MM/DD'),'불법 사이트 게시글 홍보','0',null,null,369,'kakakaak');
Insert into TEAM5_202007M.REPORT (REPORT_NO,REPORT_DATE,REPORT_CONTENT,REPORT_CHECK,REPORT_CHECK_DATE,REPORT_CATE,BOARD_NO,MEM_ID) values (84,to_date('2020/11/17','YYYY/MM/DD'),'불쾌한 욕설을 써놨어요','0',null,null,278,'wlsdnjs4405');
REM INSERTING into TEAM5_202007M.REPORT_CATEGORY
SET DEFINE OFF;
REM INSERTING into TEAM5_202007M.RP_BOARD
SET DEFINE OFF;
Insert into TEAM5_202007M.RP_BOARD (BOARD_NO,BOARD_TITLE,BOARD_DATE,BOARD_PRICE,RECIPE_ID,FOOD_ID,MEM_ID,BOARD_LIKE,BOARD_CNT) values (266,'백종원 저리가라 짜장면 만들기',to_date('2020/11/13','YYYY/MM/DD'),2000,'유료 레시피','중식','admin',0,0);
Insert into TEAM5_202007M.RP_BOARD (BOARD_NO,BOARD_TITLE,BOARD_DATE,BOARD_PRICE,RECIPE_ID,FOOD_ID,MEM_ID,BOARD_LIKE,BOARD_CNT) values (277,'비빔밥만들기',to_date('2020/11/13','YYYY/MM/DD'),0,'유저 레시피','한식','wlsdnjs4405',0,323);
Insert into TEAM5_202007M.RP_BOARD (BOARD_NO,BOARD_TITLE,BOARD_DATE,BOARD_PRICE,RECIPE_ID,FOOD_ID,MEM_ID,BOARD_LIKE,BOARD_CNT) values (278,'떡볶이 만들기',to_date('2020/11/13','YYYY/MM/DD'),0,'유저 레시피','한식','wlsdnjs4405',0,33);
Insert into TEAM5_202007M.RP_BOARD (BOARD_NO,BOARD_TITLE,BOARD_DATE,BOARD_PRICE,RECIPE_ID,FOOD_ID,MEM_ID,BOARD_LIKE,BOARD_CNT) values (279,'간단 파스타 만들기',to_date('2020/11/16','YYYY/MM/DD'),0,'유저 레시피','양식','wlsdnjs4405',0,782);
Insert into TEAM5_202007M.RP_BOARD (BOARD_NO,BOARD_TITLE,BOARD_DATE,BOARD_PRICE,RECIPE_ID,FOOD_ID,MEM_ID,BOARD_LIKE,BOARD_CNT) values (375,'돼지고기장조림',to_date('2020/11/16','YYYY/MM/DD'),0,'유저 레시피','한식','a006',0,135);
Insert into TEAM5_202007M.RP_BOARD (BOARD_NO,BOARD_TITLE,BOARD_DATE,BOARD_PRICE,RECIPE_ID,FOOD_ID,MEM_ID,BOARD_LIKE,BOARD_CNT) values (376,'초간단 맛살볶음',to_date('2020/11/16','YYYY/MM/DD'),0,'유저 레시피','한식','a006',0,1);
Insert into TEAM5_202007M.RP_BOARD (BOARD_NO,BOARD_TITLE,BOARD_DATE,BOARD_PRICE,RECIPE_ID,FOOD_ID,MEM_ID,BOARD_LIKE,BOARD_CNT) values (377,'프리미엄 떡볶이',to_date('2020/11/16','YYYY/MM/DD'),1800,'유료 레시피','분식','admin',0,0);
Insert into TEAM5_202007M.RP_BOARD (BOARD_NO,BOARD_TITLE,BOARD_DATE,BOARD_PRICE,RECIPE_ID,FOOD_ID,MEM_ID,BOARD_LIKE,BOARD_CNT) values (379,'집에서 먹는 쟁반 짜장면',to_date('2020/11/16','YYYY/MM/DD'),0,'유저 레시피','중식','a006',0,6);
Insert into TEAM5_202007M.RP_BOARD (BOARD_NO,BOARD_TITLE,BOARD_DATE,BOARD_PRICE,RECIPE_ID,FOOD_ID,MEM_ID,BOARD_LIKE,BOARD_CNT) values (380,'일식 계란말이',to_date('2020/11/16','YYYY/MM/DD'),0,'유저 레시피','일식','a006',0,2);
Insert into TEAM5_202007M.RP_BOARD (BOARD_NO,BOARD_TITLE,BOARD_DATE,BOARD_PRICE,RECIPE_ID,FOOD_ID,MEM_ID,BOARD_LIKE,BOARD_CNT) values (383,'전자레인지로 1분 초코칩 쿠기 머그컵 케이크',to_date('2020/11/16','YYYY/MM/DD'),0,'유저 레시피','디저트','test112',0,1);
Insert into TEAM5_202007M.RP_BOARD (BOARD_NO,BOARD_TITLE,BOARD_DATE,BOARD_PRICE,RECIPE_ID,FOOD_ID,MEM_ID,BOARD_LIKE,BOARD_CNT) values (384,'쉽고 맛잇는 영국 디저트 애플 크럼블',to_date('2020/11/16','YYYY/MM/DD'),0,'유저 레시피','디저트','test112',0,14);
Insert into TEAM5_202007M.RP_BOARD (BOARD_NO,BOARD_TITLE,BOARD_DATE,BOARD_PRICE,RECIPE_ID,FOOD_ID,MEM_ID,BOARD_LIKE,BOARD_CNT) values (321,'오븐에 구운 치킨 나두 너두 할 수 있다!!!',to_date('2020/11/14','YYYY/MM/DD'),0,'유저 레시피','기타','a001',0,32);
Insert into TEAM5_202007M.RP_BOARD (BOARD_NO,BOARD_TITLE,BOARD_DATE,BOARD_PRICE,RECIPE_ID,FOOD_ID,MEM_ID,BOARD_LIKE,BOARD_CNT) values (385,'매콤새콤 입맛 자극하는 밥도둑 반찬, 애고추무침 만들기!',to_date('2020/11/16','YYYY/MM/DD'),0,'유저 레시피','한식','test112',0,0);
Insert into TEAM5_202007M.RP_BOARD (BOARD_NO,BOARD_TITLE,BOARD_DATE,BOARD_PRICE,RECIPE_ID,FOOD_ID,MEM_ID,BOARD_LIKE,BOARD_CNT) values (387,'크래미 부침개',to_date('2020/11/16','YYYY/MM/DD'),0,'유저 레시피','한식','rlfdudwn8',0,4);
Insert into TEAM5_202007M.RP_BOARD (BOARD_NO,BOARD_TITLE,BOARD_DATE,BOARD_PRICE,RECIPE_ID,FOOD_ID,MEM_ID,BOARD_LIKE,BOARD_CNT) values (461,'asdasdas',to_date('2020/11/17','YYYY/MM/DD'),0,'유저 레시피','중식','jeon5014',0,1);
Insert into TEAM5_202007M.RP_BOARD (BOARD_NO,BOARD_TITLE,BOARD_DATE,BOARD_PRICE,RECIPE_ID,FOOD_ID,MEM_ID,BOARD_LIKE,BOARD_CNT) values (382,'친환경 리코타 샐러드',to_date('2020/11/16','YYYY/MM/DD'),1500,'유료 레시피','기타','admin',0,0);
Insert into TEAM5_202007M.RP_BOARD (BOARD_NO,BOARD_TITLE,BOARD_DATE,BOARD_PRICE,RECIPE_ID,FOOD_ID,MEM_ID,BOARD_LIKE,BOARD_CNT) values (369,'카레 치즈 라면!',to_date('2020/11/16','YYYY/MM/DD'),0,'유저 레시피','분식','kakakaak',0,1);
Insert into TEAM5_202007M.RP_BOARD (BOARD_NO,BOARD_TITLE,BOARD_DATE,BOARD_PRICE,RECIPE_ID,FOOD_ID,MEM_ID,BOARD_LIKE,BOARD_CNT) values (370,'수플레치즈케이크',to_date('2020/11/16','YYYY/MM/DD'),0,'유저 레시피','디저트','kakakaak',0,0);
Insert into TEAM5_202007M.RP_BOARD (BOARD_NO,BOARD_TITLE,BOARD_DATE,BOARD_PRICE,RECIPE_ID,FOOD_ID,MEM_ID,BOARD_LIKE,BOARD_CNT) values (386,'봉골레 파스타',to_date('2020/11/16','YYYY/MM/DD'),3000,'유료 레시피','양식','admin',0,0);
Insert into TEAM5_202007M.RP_BOARD (BOARD_NO,BOARD_TITLE,BOARD_DATE,BOARD_PRICE,RECIPE_ID,FOOD_ID,MEM_ID,BOARD_LIKE,BOARD_CNT) values (388,'매콤한 깐풍기 ',to_date('2020/11/16','YYYY/MM/DD'),4000,'유료 레시피','중식','admin',0,0);
Insert into TEAM5_202007M.RP_BOARD (BOARD_NO,BOARD_TITLE,BOARD_DATE,BOARD_PRICE,RECIPE_ID,FOOD_ID,MEM_ID,BOARD_LIKE,BOARD_CNT) values (273,'바나나만들기',to_date('2020/11/13','YYYY/MM/DD'),12312312,'유료 레시피','디저트','admin',0,0);
REM INSERTING into TEAM5_202007M.SALE
SET DEFINE OFF;
REM INSERTING into TEAM5_202007M.STAR
SET DEFINE OFF;
--------------------------------------------------------
--  DDL for Index PK_BLACKLLIST
--------------------------------------------------------

  CREATE UNIQUE INDEX "TEAM5_202007M"."PK_BLACKLLIST" ON "TEAM5_202007M"."BLACKLIST" ("MEM_ID") 
  PCTFREE 10 INITRANS 2 MAXTRANS 255 COMPUTE STATISTICS 
  STORAGE(INITIAL 65536 NEXT 1048576 MINEXTENTS 1 MAXEXTENTS 2147483645
  PCTINCREASE 0 FREELISTS 1 FREELIST GROUPS 1 BUFFER_POOL DEFAULT FLASH_CACHE DEFAULT CELL_FLASH_CACHE DEFAULT)
  TABLESPACE "TS_202007M" ;
--------------------------------------------------------
--  DDL for Index PK_BOOKMARK
--------------------------------------------------------

  CREATE UNIQUE INDEX "TEAM5_202007M"."PK_BOOKMARK" ON "TEAM5_202007M"."BOOKMARK" ("BM_NO") 
  PCTFREE 10 INITRANS 2 MAXTRANS 255 COMPUTE STATISTICS 
  STORAGE(INITIAL 65536 NEXT 1048576 MINEXTENTS 1 MAXEXTENTS 2147483645
  PCTINCREASE 0 FREELISTS 1 FREELIST GROUPS 1 BUFFER_POOL DEFAULT FLASH_CACHE DEFAULT CELL_FLASH_CACHE DEFAULT)
  TABLESPACE "TS_202007M" ;
--------------------------------------------------------
--  DDL for Index PK_CART
--------------------------------------------------------

  CREATE UNIQUE INDEX "TEAM5_202007M"."PK_CART" ON "TEAM5_202007M"."CART" ("CART_NO") 
  PCTFREE 10 INITRANS 2 MAXTRANS 255 COMPUTE STATISTICS 
  STORAGE(INITIAL 65536 NEXT 1048576 MINEXTENTS 1 MAXEXTENTS 2147483645
  PCTINCREASE 0 FREELISTS 1 FREELIST GROUPS 1 BUFFER_POOL DEFAULT FLASH_CACHE DEFAULT CELL_FLASH_CACHE DEFAULT)
  TABLESPACE "TS_202007M" ;
--------------------------------------------------------
--  DDL for Index PK_CHAT
--------------------------------------------------------

  CREATE UNIQUE INDEX "TEAM5_202007M"."PK_CHAT" ON "TEAM5_202007M"."CHAT" ("CHAT_NO") 
  PCTFREE 10 INITRANS 2 MAXTRANS 255 COMPUTE STATISTICS 
  STORAGE(INITIAL 65536 NEXT 1048576 MINEXTENTS 1 MAXEXTENTS 2147483645
  PCTINCREASE 0 FREELISTS 1 FREELIST GROUPS 1 BUFFER_POOL DEFAULT FLASH_CACHE DEFAULT CELL_FLASH_CACHE DEFAULT)
  TABLESPACE "TS_202007M" ;
--------------------------------------------------------
--  DDL for Index PK_CHATING
--------------------------------------------------------

  CREATE UNIQUE INDEX "TEAM5_202007M"."PK_CHATING" ON "TEAM5_202007M"."CHATING" ("CHAT_NUM") 
  PCTFREE 10 INITRANS 2 MAXTRANS 255 COMPUTE STATISTICS 
  STORAGE(INITIAL 65536 NEXT 1048576 MINEXTENTS 1 MAXEXTENTS 2147483645
  PCTINCREASE 0 FREELISTS 1 FREELIST GROUPS 1 BUFFER_POOL DEFAULT FLASH_CACHE DEFAULT CELL_FLASH_CACHE DEFAULT)
  TABLESPACE "TS_202007M" ;
--------------------------------------------------------
--  DDL for Index PK_COMMENT_BOARD
--------------------------------------------------------

  CREATE UNIQUE INDEX "TEAM5_202007M"."PK_COMMENT_BOARD" ON "TEAM5_202007M"."COMMENT_BOARD" ("COM_NO") 
  PCTFREE 10 INITRANS 2 MAXTRANS 255 COMPUTE STATISTICS 
  STORAGE(INITIAL 65536 NEXT 1048576 MINEXTENTS 1 MAXEXTENTS 2147483645
  PCTINCREASE 0 FREELISTS 1 FREELIST GROUPS 1 BUFFER_POOL DEFAULT FLASH_CACHE DEFAULT CELL_FLASH_CACHE DEFAULT)
  TABLESPACE "TS_202007M" ;
--------------------------------------------------------
--  DDL for Index PK_FOOD_CATEGORY
--------------------------------------------------------

  CREATE UNIQUE INDEX "TEAM5_202007M"."PK_FOOD_CATEGORY" ON "TEAM5_202007M"."FOOD_CATEGORY" ("FOOD_ID") 
  PCTFREE 10 INITRANS 2 MAXTRANS 255 COMPUTE STATISTICS 
  STORAGE(INITIAL 65536 NEXT 1048576 MINEXTENTS 1 MAXEXTENTS 2147483645
  PCTINCREASE 0 FREELISTS 1 FREELIST GROUPS 1 BUFFER_POOL DEFAULT FLASH_CACHE DEFAULT CELL_FLASH_CACHE DEFAULT)
  TABLESPACE "TS_202007M" ;
--------------------------------------------------------
--  DDL for Index PK_GAME
--------------------------------------------------------

  CREATE UNIQUE INDEX "TEAM5_202007M"."PK_GAME" ON "TEAM5_202007M"."GAME" ("MEM_ID") 
  PCTFREE 10 INITRANS 2 MAXTRANS 255 COMPUTE STATISTICS 
  STORAGE(INITIAL 65536 NEXT 1048576 MINEXTENTS 1 MAXEXTENTS 2147483645
  PCTINCREASE 0 FREELISTS 1 FREELIST GROUPS 1 BUFFER_POOL DEFAULT FLASH_CACHE DEFAULT CELL_FLASH_CACHE DEFAULT)
  TABLESPACE "TS_202007M" ;
--------------------------------------------------------
--  DDL for Index PK_LASTVIEW
--------------------------------------------------------

  CREATE UNIQUE INDEX "TEAM5_202007M"."PK_LASTVIEW" ON "TEAM5_202007M"."LASTVIEW" ("LAST_NO") 
  PCTFREE 10 INITRANS 2 MAXTRANS 255 COMPUTE STATISTICS 
  STORAGE(INITIAL 65536 NEXT 1048576 MINEXTENTS 1 MAXEXTENTS 2147483645
  PCTINCREASE 0 FREELISTS 1 FREELIST GROUPS 1 BUFFER_POOL DEFAULT FLASH_CACHE DEFAULT CELL_FLASH_CACHE DEFAULT)
  TABLESPACE "TS_202007M" ;
--------------------------------------------------------
--  DDL for Index PK_LOG_CHK
--------------------------------------------------------

  CREATE UNIQUE INDEX "TEAM5_202007M"."PK_LOG_CHK" ON "TEAM5_202007M"."LOG_CHK" ("MEM_ID") 
  PCTFREE 10 INITRANS 2 MAXTRANS 255 COMPUTE STATISTICS 
  STORAGE(INITIAL 65536 NEXT 1048576 MINEXTENTS 1 MAXEXTENTS 2147483645
  PCTINCREASE 0 FREELISTS 1 FREELIST GROUPS 1 BUFFER_POOL DEFAULT FLASH_CACHE DEFAULT CELL_FLASH_CACHE DEFAULT)
  TABLESPACE "TS_202007M" ;
--------------------------------------------------------
--  DDL for Index PK_MEMBER
--------------------------------------------------------

  CREATE UNIQUE INDEX "TEAM5_202007M"."PK_MEMBER" ON "TEAM5_202007M"."MEMBER" ("MEM_ID") 
  PCTFREE 10 INITRANS 2 MAXTRANS 255 COMPUTE STATISTICS 
  STORAGE(INITIAL 65536 NEXT 1048576 MINEXTENTS 1 MAXEXTENTS 2147483645
  PCTINCREASE 0 FREELISTS 1 FREELIST GROUPS 1 BUFFER_POOL DEFAULT FLASH_CACHE DEFAULT CELL_FLASH_CACHE DEFAULT)
  TABLESPACE "TS_202007M" ;
--------------------------------------------------------
--  DDL for Index PK_NOTICE_BOARD
--------------------------------------------------------

  CREATE UNIQUE INDEX "TEAM5_202007M"."PK_NOTICE_BOARD" ON "TEAM5_202007M"."NOTICE_BOARD" ("NOTICE_NO") 
  PCTFREE 10 INITRANS 2 MAXTRANS 255 COMPUTE STATISTICS 
  STORAGE(INITIAL 65536 NEXT 1048576 MINEXTENTS 1 MAXEXTENTS 2147483645
  PCTINCREASE 0 FREELISTS 1 FREELIST GROUPS 1 BUFFER_POOL DEFAULT FLASH_CACHE DEFAULT CELL_FLASH_CACHE DEFAULT)
  TABLESPACE "TS_202007M" ;
--------------------------------------------------------
--  DDL for Index PK_PAYMENT
--------------------------------------------------------

  CREATE UNIQUE INDEX "TEAM5_202007M"."PK_PAYMENT" ON "TEAM5_202007M"."PAYMENT" ("PAY_NO") 
  PCTFREE 10 INITRANS 2 MAXTRANS 255 COMPUTE STATISTICS 
  STORAGE(INITIAL 65536 NEXT 1048576 MINEXTENTS 1 MAXEXTENTS 2147483645
  PCTINCREASE 0 FREELISTS 1 FREELIST GROUPS 1 BUFFER_POOL DEFAULT FLASH_CACHE DEFAULT CELL_FLASH_CACHE DEFAULT)
  TABLESPACE "TS_202007M" ;
--------------------------------------------------------
--  DDL for Index PK_PICTURE
--------------------------------------------------------

  CREATE UNIQUE INDEX "TEAM5_202007M"."PK_PICTURE" ON "TEAM5_202007M"."PICTURE" ("PIC_NO") 
  PCTFREE 10 INITRANS 2 MAXTRANS 255 COMPUTE STATISTICS 
  STORAGE(INITIAL 65536 NEXT 1048576 MINEXTENTS 1 MAXEXTENTS 2147483645
  PCTINCREASE 0 FREELISTS 1 FREELIST GROUPS 1 BUFFER_POOL DEFAULT FLASH_CACHE DEFAULT CELL_FLASH_CACHE DEFAULT)
  TABLESPACE "TS_202007M" ;
--------------------------------------------------------
--  DDL for Index PK_POINT_SELECT
--------------------------------------------------------

  CREATE UNIQUE INDEX "TEAM5_202007M"."PK_POINT_SELECT" ON "TEAM5_202007M"."POINT_SELECT" ("POINT_NO") 
  PCTFREE 10 INITRANS 2 MAXTRANS 255 COMPUTE STATISTICS 
  STORAGE(INITIAL 65536 NEXT 1048576 MINEXTENTS 1 MAXEXTENTS 2147483645
  PCTINCREASE 0 FREELISTS 1 FREELIST GROUPS 1 BUFFER_POOL DEFAULT FLASH_CACHE DEFAULT CELL_FLASH_CACHE DEFAULT)
  TABLESPACE "TS_202007M" ;
--------------------------------------------------------
--  DDL for Index PK_POINTCHARGE
--------------------------------------------------------

  CREATE UNIQUE INDEX "TEAM5_202007M"."PK_POINTCHARGE" ON "TEAM5_202007M"."POINTCHARGE" ("CHARGE_MONEY") 
  PCTFREE 10 INITRANS 2 MAXTRANS 255 COMPUTE STATISTICS 
  STORAGE(INITIAL 65536 NEXT 1048576 MINEXTENTS 1 MAXEXTENTS 2147483645
  PCTINCREASE 0 FREELISTS 1 FREELIST GROUPS 1 BUFFER_POOL DEFAULT FLASH_CACHE DEFAULT CELL_FLASH_CACHE DEFAULT)
  TABLESPACE "TS_202007M" ;
--------------------------------------------------------
--  DDL for Index PK_RECIPE_CATEGORY
--------------------------------------------------------

  CREATE UNIQUE INDEX "TEAM5_202007M"."PK_RECIPE_CATEGORY" ON "TEAM5_202007M"."RECIPE_CATEGORY" ("RECIPE_ID") 
  PCTFREE 10 INITRANS 2 MAXTRANS 255 COMPUTE STATISTICS 
  STORAGE(INITIAL 65536 NEXT 1048576 MINEXTENTS 1 MAXEXTENTS 2147483645
  PCTINCREASE 0 FREELISTS 1 FREELIST GROUPS 1 BUFFER_POOL DEFAULT FLASH_CACHE DEFAULT CELL_FLASH_CACHE DEFAULT)
  TABLESPACE "TS_202007M" ;
--------------------------------------------------------
--  DDL for Index PK_REPORT
--------------------------------------------------------

  CREATE UNIQUE INDEX "TEAM5_202007M"."PK_REPORT" ON "TEAM5_202007M"."REPORT" ("REPORT_NO") 
  PCTFREE 10 INITRANS 2 MAXTRANS 255 COMPUTE STATISTICS 
  STORAGE(INITIAL 65536 NEXT 1048576 MINEXTENTS 1 MAXEXTENTS 2147483645
  PCTINCREASE 0 FREELISTS 1 FREELIST GROUPS 1 BUFFER_POOL DEFAULT FLASH_CACHE DEFAULT CELL_FLASH_CACHE DEFAULT)
  TABLESPACE "TS_202007M" ;
--------------------------------------------------------
--  DDL for Index PK_REPORT_CATEGORY
--------------------------------------------------------

  CREATE UNIQUE INDEX "TEAM5_202007M"."PK_REPORT_CATEGORY" ON "TEAM5_202007M"."REPORT_CATEGORY" ("REPORT_CATE") 
  PCTFREE 10 INITRANS 2 MAXTRANS 255 COMPUTE STATISTICS 
  STORAGE(INITIAL 65536 NEXT 1048576 MINEXTENTS 1 MAXEXTENTS 2147483645
  PCTINCREASE 0 FREELISTS 1 FREELIST GROUPS 1 BUFFER_POOL DEFAULT FLASH_CACHE DEFAULT CELL_FLASH_CACHE DEFAULT)
  TABLESPACE "TS_202007M" ;
--------------------------------------------------------
--  DDL for Index PK_WRITE_RP
--------------------------------------------------------

  CREATE UNIQUE INDEX "TEAM5_202007M"."PK_WRITE_RP" ON "TEAM5_202007M"."RP_BOARD" ("BOARD_NO") 
  PCTFREE 10 INITRANS 2 MAXTRANS 255 COMPUTE STATISTICS 
  STORAGE(INITIAL 65536 NEXT 1048576 MINEXTENTS 1 MAXEXTENTS 2147483645
  PCTINCREASE 0 FREELISTS 1 FREELIST GROUPS 1 BUFFER_POOL DEFAULT FLASH_CACHE DEFAULT CELL_FLASH_CACHE DEFAULT)
  TABLESPACE "TS_202007M" ;
--------------------------------------------------------
--  DDL for Index PK_SALE
--------------------------------------------------------

  CREATE UNIQUE INDEX "TEAM5_202007M"."PK_SALE" ON "TEAM5_202007M"."SALE" ("SALE_MONTH") 
  PCTFREE 10 INITRANS 2 MAXTRANS 255 COMPUTE STATISTICS 
  STORAGE(INITIAL 65536 NEXT 1048576 MINEXTENTS 1 MAXEXTENTS 2147483645
  PCTINCREASE 0 FREELISTS 1 FREELIST GROUPS 1 BUFFER_POOL DEFAULT FLASH_CACHE DEFAULT CELL_FLASH_CACHE DEFAULT)
  TABLESPACE "TS_202007M" ;
--------------------------------------------------------
--  DDL for Index STAR_PK
--------------------------------------------------------

  CREATE UNIQUE INDEX "TEAM5_202007M"."STAR_PK" ON "TEAM5_202007M"."STAR" ("BOARD_NO") 
  PCTFREE 10 INITRANS 2 MAXTRANS 255 COMPUTE STATISTICS 
  STORAGE(INITIAL 65536 NEXT 1048576 MINEXTENTS 1 MAXEXTENTS 2147483645
  PCTINCREASE 0 FREELISTS 1 FREELIST GROUPS 1 BUFFER_POOL DEFAULT FLASH_CACHE DEFAULT CELL_FLASH_CACHE DEFAULT)
  TABLESPACE "TS_202007M" ;
--------------------------------------------------------
--  Constraints for Table BLACKLIST
--------------------------------------------------------

  ALTER TABLE "TEAM5_202007M"."BLACKLIST" ADD CONSTRAINT "PK_BLACKLLIST" PRIMARY KEY ("MEM_ID")
  USING INDEX PCTFREE 10 INITRANS 2 MAXTRANS 255 COMPUTE STATISTICS 
  STORAGE(INITIAL 65536 NEXT 1048576 MINEXTENTS 1 MAXEXTENTS 2147483645
  PCTINCREASE 0 FREELISTS 1 FREELIST GROUPS 1 BUFFER_POOL DEFAULT FLASH_CACHE DEFAULT CELL_FLASH_CACHE DEFAULT)
  TABLESPACE "TS_202007M"  ENABLE;
  ALTER TABLE "TEAM5_202007M"."BLACKLIST" MODIFY ("MEM_ID" NOT NULL ENABLE);
--------------------------------------------------------
--  Constraints for Table BOOKMARK
--------------------------------------------------------

  ALTER TABLE "TEAM5_202007M"."BOOKMARK" ADD CONSTRAINT "PK_BOOKMARK" PRIMARY KEY ("BM_NO")
  USING INDEX PCTFREE 10 INITRANS 2 MAXTRANS 255 COMPUTE STATISTICS 
  STORAGE(INITIAL 65536 NEXT 1048576 MINEXTENTS 1 MAXEXTENTS 2147483645
  PCTINCREASE 0 FREELISTS 1 FREELIST GROUPS 1 BUFFER_POOL DEFAULT FLASH_CACHE DEFAULT CELL_FLASH_CACHE DEFAULT)
  TABLESPACE "TS_202007M"  ENABLE;
  ALTER TABLE "TEAM5_202007M"."BOOKMARK" MODIFY ("BM_NO" NOT NULL ENABLE);
--------------------------------------------------------
--  Constraints for Table CART
--------------------------------------------------------

  ALTER TABLE "TEAM5_202007M"."CART" ADD CONSTRAINT "PK_CART" PRIMARY KEY ("CART_NO")
  USING INDEX PCTFREE 10 INITRANS 2 MAXTRANS 255 COMPUTE STATISTICS 
  STORAGE(INITIAL 65536 NEXT 1048576 MINEXTENTS 1 MAXEXTENTS 2147483645
  PCTINCREASE 0 FREELISTS 1 FREELIST GROUPS 1 BUFFER_POOL DEFAULT FLASH_CACHE DEFAULT CELL_FLASH_CACHE DEFAULT)
  TABLESPACE "TS_202007M"  ENABLE;
  ALTER TABLE "TEAM5_202007M"."CART" MODIFY ("BOARD_NO" NOT NULL ENABLE);
  ALTER TABLE "TEAM5_202007M"."CART" MODIFY ("MEM_ID" NOT NULL ENABLE);
  ALTER TABLE "TEAM5_202007M"."CART" MODIFY ("CART_DATE" NOT NULL ENABLE);
  ALTER TABLE "TEAM5_202007M"."CART" MODIFY ("CART_NO" NOT NULL ENABLE);
--------------------------------------------------------
--  Constraints for Table CHAT
--------------------------------------------------------

  ALTER TABLE "TEAM5_202007M"."CHAT" ADD CONSTRAINT "PK_CHAT" PRIMARY KEY ("CHAT_NO")
  USING INDEX PCTFREE 10 INITRANS 2 MAXTRANS 255 COMPUTE STATISTICS 
  STORAGE(INITIAL 65536 NEXT 1048576 MINEXTENTS 1 MAXEXTENTS 2147483645
  PCTINCREASE 0 FREELISTS 1 FREELIST GROUPS 1 BUFFER_POOL DEFAULT FLASH_CACHE DEFAULT CELL_FLASH_CACHE DEFAULT)
  TABLESPACE "TS_202007M"  ENABLE;
  ALTER TABLE "TEAM5_202007M"."CHAT" MODIFY ("CHAT_NO" NOT NULL ENABLE);
--------------------------------------------------------
--  Constraints for Table CHATING
--------------------------------------------------------

  ALTER TABLE "TEAM5_202007M"."CHATING" ADD CONSTRAINT "PK_CHATING" PRIMARY KEY ("CHAT_NUM")
  USING INDEX PCTFREE 10 INITRANS 2 MAXTRANS 255 COMPUTE STATISTICS 
  STORAGE(INITIAL 65536 NEXT 1048576 MINEXTENTS 1 MAXEXTENTS 2147483645
  PCTINCREASE 0 FREELISTS 1 FREELIST GROUPS 1 BUFFER_POOL DEFAULT FLASH_CACHE DEFAULT CELL_FLASH_CACHE DEFAULT)
  TABLESPACE "TS_202007M"  ENABLE;
  ALTER TABLE "TEAM5_202007M"."CHATING" MODIFY ("MEM_ID" NOT NULL ENABLE);
  ALTER TABLE "TEAM5_202007M"."CHATING" MODIFY ("CHAT_NUM" NOT NULL ENABLE);
--------------------------------------------------------
--  Constraints for Table COMMENT_BOARD
--------------------------------------------------------

  ALTER TABLE "TEAM5_202007M"."COMMENT_BOARD" MODIFY ("COM_DATE" NOT NULL ENABLE);
  ALTER TABLE "TEAM5_202007M"."COMMENT_BOARD" MODIFY ("COM_STAR" NOT NULL ENABLE);
  ALTER TABLE "TEAM5_202007M"."COMMENT_BOARD" ADD CONSTRAINT "PK_COMMENT_BOARD" PRIMARY KEY ("COM_NO")
  USING INDEX PCTFREE 10 INITRANS 2 MAXTRANS 255 COMPUTE STATISTICS 
  STORAGE(INITIAL 65536 NEXT 1048576 MINEXTENTS 1 MAXEXTENTS 2147483645
  PCTINCREASE 0 FREELISTS 1 FREELIST GROUPS 1 BUFFER_POOL DEFAULT FLASH_CACHE DEFAULT CELL_FLASH_CACHE DEFAULT)
  TABLESPACE "TS_202007M"  ENABLE;
  ALTER TABLE "TEAM5_202007M"."COMMENT_BOARD" MODIFY ("BOARD_NO" NOT NULL ENABLE);
  ALTER TABLE "TEAM5_202007M"."COMMENT_BOARD" MODIFY ("MEM_ID" NOT NULL ENABLE);
  ALTER TABLE "TEAM5_202007M"."COMMENT_BOARD" MODIFY ("COM_NO" NOT NULL ENABLE);
--------------------------------------------------------
--  Constraints for Table FOOD_CATEGORY
--------------------------------------------------------

  ALTER TABLE "TEAM5_202007M"."FOOD_CATEGORY" ADD CONSTRAINT "PK_FOOD_CATEGORY" PRIMARY KEY ("FOOD_ID")
  USING INDEX PCTFREE 10 INITRANS 2 MAXTRANS 255 COMPUTE STATISTICS 
  STORAGE(INITIAL 65536 NEXT 1048576 MINEXTENTS 1 MAXEXTENTS 2147483645
  PCTINCREASE 0 FREELISTS 1 FREELIST GROUPS 1 BUFFER_POOL DEFAULT FLASH_CACHE DEFAULT CELL_FLASH_CACHE DEFAULT)
  TABLESPACE "TS_202007M"  ENABLE;
  ALTER TABLE "TEAM5_202007M"."FOOD_CATEGORY" MODIFY ("FOOD_ID" NOT NULL ENABLE);
--------------------------------------------------------
--  Constraints for Table GAME
--------------------------------------------------------

  ALTER TABLE "TEAM5_202007M"."GAME" ADD CONSTRAINT "PK_GAME" PRIMARY KEY ("MEM_ID")
  USING INDEX PCTFREE 10 INITRANS 2 MAXTRANS 255 COMPUTE STATISTICS 
  STORAGE(INITIAL 65536 NEXT 1048576 MINEXTENTS 1 MAXEXTENTS 2147483645
  PCTINCREASE 0 FREELISTS 1 FREELIST GROUPS 1 BUFFER_POOL DEFAULT FLASH_CACHE DEFAULT CELL_FLASH_CACHE DEFAULT)
  TABLESPACE "TS_202007M"  ENABLE;
  ALTER TABLE "TEAM5_202007M"."GAME" MODIFY ("MEM_ID" NOT NULL ENABLE);
--------------------------------------------------------
--  Constraints for Table LASTVIEW
--------------------------------------------------------

  ALTER TABLE "TEAM5_202007M"."LASTVIEW" ADD CONSTRAINT "PK_LASTVIEW" PRIMARY KEY ("LAST_NO")
  USING INDEX PCTFREE 10 INITRANS 2 MAXTRANS 255 COMPUTE STATISTICS 
  STORAGE(INITIAL 65536 NEXT 1048576 MINEXTENTS 1 MAXEXTENTS 2147483645
  PCTINCREASE 0 FREELISTS 1 FREELIST GROUPS 1 BUFFER_POOL DEFAULT FLASH_CACHE DEFAULT CELL_FLASH_CACHE DEFAULT)
  TABLESPACE "TS_202007M"  ENABLE;
  ALTER TABLE "TEAM5_202007M"."LASTVIEW" MODIFY ("WRITE_NO" NOT NULL ENABLE);
  ALTER TABLE "TEAM5_202007M"."LASTVIEW" MODIFY ("LAST_NO" NOT NULL ENABLE);
--------------------------------------------------------
--  Constraints for Table LOG_CHK
--------------------------------------------------------

  ALTER TABLE "TEAM5_202007M"."LOG_CHK" ADD CONSTRAINT "PK_LOG_CHK" PRIMARY KEY ("MEM_ID")
  USING INDEX PCTFREE 10 INITRANS 2 MAXTRANS 255 COMPUTE STATISTICS 
  STORAGE(INITIAL 65536 NEXT 1048576 MINEXTENTS 1 MAXEXTENTS 2147483645
  PCTINCREASE 0 FREELISTS 1 FREELIST GROUPS 1 BUFFER_POOL DEFAULT FLASH_CACHE DEFAULT CELL_FLASH_CACHE DEFAULT)
  TABLESPACE "TS_202007M"  ENABLE;
  ALTER TABLE "TEAM5_202007M"."LOG_CHK" MODIFY ("MEM_ID" NOT NULL ENABLE);
--------------------------------------------------------
--  Constraints for Table MEMBER
--------------------------------------------------------

  ALTER TABLE "TEAM5_202007M"."MEMBER" MODIFY ("ADMIN_AUTH" NOT NULL ENABLE);
  ALTER TABLE "TEAM5_202007M"."MEMBER" MODIFY ("MEM_DEL" NOT NULL ENABLE);
  ALTER TABLE "TEAM5_202007M"."MEMBER" MODIFY ("MEM_MAIL" NOT NULL ENABLE);
  ALTER TABLE "TEAM5_202007M"."MEMBER" MODIFY ("MEM_TEL" NOT NULL ENABLE);
  ALTER TABLE "TEAM5_202007M"."MEMBER" MODIFY ("MEM_PASS" NOT NULL ENABLE);
  ALTER TABLE "TEAM5_202007M"."MEMBER" MODIFY ("MEM_NAME" NOT NULL ENABLE);
  ALTER TABLE "TEAM5_202007M"."MEMBER" MODIFY ("MEM_ID" NOT NULL ENABLE);
  ALTER TABLE "TEAM5_202007M"."MEMBER" ADD CONSTRAINT "PK_MEMBER" PRIMARY KEY ("MEM_ID")
  USING INDEX PCTFREE 10 INITRANS 2 MAXTRANS 255 COMPUTE STATISTICS 
  STORAGE(INITIAL 65536 NEXT 1048576 MINEXTENTS 1 MAXEXTENTS 2147483645
  PCTINCREASE 0 FREELISTS 1 FREELIST GROUPS 1 BUFFER_POOL DEFAULT FLASH_CACHE DEFAULT CELL_FLASH_CACHE DEFAULT)
  TABLESPACE "TS_202007M"  ENABLE;
  ALTER TABLE "TEAM5_202007M"."MEMBER" MODIFY ("POINT_TOTAL" NOT NULL ENABLE);
--------------------------------------------------------
--  Constraints for Table NOTICE_BOARD
--------------------------------------------------------

  ALTER TABLE "TEAM5_202007M"."NOTICE_BOARD" ADD CONSTRAINT "PK_NOTICE_BOARD" PRIMARY KEY ("NOTICE_NO")
  USING INDEX PCTFREE 10 INITRANS 2 MAXTRANS 255 COMPUTE STATISTICS 
  STORAGE(INITIAL 65536 NEXT 1048576 MINEXTENTS 1 MAXEXTENTS 2147483645
  PCTINCREASE 0 FREELISTS 1 FREELIST GROUPS 1 BUFFER_POOL DEFAULT FLASH_CACHE DEFAULT CELL_FLASH_CACHE DEFAULT)
  TABLESPACE "TS_202007M"  ENABLE;
  ALTER TABLE "TEAM5_202007M"."NOTICE_BOARD" MODIFY ("NOTICE_NO" NOT NULL ENABLE);
--------------------------------------------------------
--  Constraints for Table PAYMENT
--------------------------------------------------------

  ALTER TABLE "TEAM5_202007M"."PAYMENT" ADD CONSTRAINT "PK_PAYMENT" PRIMARY KEY ("PAY_NO")
  USING INDEX PCTFREE 10 INITRANS 2 MAXTRANS 255 COMPUTE STATISTICS 
  STORAGE(INITIAL 65536 NEXT 1048576 MINEXTENTS 1 MAXEXTENTS 2147483645
  PCTINCREASE 0 FREELISTS 1 FREELIST GROUPS 1 BUFFER_POOL DEFAULT FLASH_CACHE DEFAULT CELL_FLASH_CACHE DEFAULT)
  TABLESPACE "TS_202007M"  ENABLE;
  ALTER TABLE "TEAM5_202007M"."PAYMENT" MODIFY ("CART_NO" NOT NULL ENABLE);
  ALTER TABLE "TEAM5_202007M"."PAYMENT" MODIFY ("PAY_DATE" NOT NULL ENABLE);
  ALTER TABLE "TEAM5_202007M"."PAYMENT" MODIFY ("PAY_NO" NOT NULL ENABLE);
--------------------------------------------------------
--  Constraints for Table PICTURE
--------------------------------------------------------

  ALTER TABLE "TEAM5_202007M"."PICTURE" ADD CONSTRAINT "PK_PICTURE" PRIMARY KEY ("PIC_NO")
  USING INDEX PCTFREE 10 INITRANS 2 MAXTRANS 255 COMPUTE STATISTICS 
  STORAGE(INITIAL 65536 NEXT 1048576 MINEXTENTS 1 MAXEXTENTS 2147483645
  PCTINCREASE 0 FREELISTS 1 FREELIST GROUPS 1 BUFFER_POOL DEFAULT FLASH_CACHE DEFAULT CELL_FLASH_CACHE DEFAULT)
  TABLESPACE "TS_202007M"  ENABLE;
  ALTER TABLE "TEAM5_202007M"."PICTURE" MODIFY ("PIC_NO" NOT NULL ENABLE);
  ALTER TABLE "TEAM5_202007M"."PICTURE" MODIFY ("BOARD_NO" NOT NULL ENABLE);
--------------------------------------------------------
--  Constraints for Table POINT_SELECT
--------------------------------------------------------

  ALTER TABLE "TEAM5_202007M"."POINT_SELECT" ADD CONSTRAINT "PK_POINT_SELECT" PRIMARY KEY ("POINT_NO")
  USING INDEX PCTFREE 10 INITRANS 2 MAXTRANS 255 COMPUTE STATISTICS 
  STORAGE(INITIAL 65536 NEXT 1048576 MINEXTENTS 1 MAXEXTENTS 2147483645
  PCTINCREASE 0 FREELISTS 1 FREELIST GROUPS 1 BUFFER_POOL DEFAULT FLASH_CACHE DEFAULT CELL_FLASH_CACHE DEFAULT)
  TABLESPACE "TS_202007M"  ENABLE;
  ALTER TABLE "TEAM5_202007M"."POINT_SELECT" MODIFY ("POINT_DATE" NOT NULL ENABLE);
  ALTER TABLE "TEAM5_202007M"."POINT_SELECT" MODIFY ("POINT_NO" NOT NULL ENABLE);
--------------------------------------------------------
--  Constraints for Table POINTCHARGE
--------------------------------------------------------

  ALTER TABLE "TEAM5_202007M"."POINTCHARGE" ADD CONSTRAINT "PK_POINTCHARGE" PRIMARY KEY ("CHARGE_MONEY")
  USING INDEX PCTFREE 10 INITRANS 2 MAXTRANS 255 COMPUTE STATISTICS 
  STORAGE(INITIAL 65536 NEXT 1048576 MINEXTENTS 1 MAXEXTENTS 2147483645
  PCTINCREASE 0 FREELISTS 1 FREELIST GROUPS 1 BUFFER_POOL DEFAULT FLASH_CACHE DEFAULT CELL_FLASH_CACHE DEFAULT)
  TABLESPACE "TS_202007M"  ENABLE;
  ALTER TABLE "TEAM5_202007M"."POINTCHARGE" MODIFY ("POINT" NOT NULL ENABLE);
  ALTER TABLE "TEAM5_202007M"."POINTCHARGE" MODIFY ("CHARGE_MONEY" NOT NULL ENABLE);
--------------------------------------------------------
--  Constraints for Table RECIPE_CATEGORY
--------------------------------------------------------

  ALTER TABLE "TEAM5_202007M"."RECIPE_CATEGORY" ADD CONSTRAINT "PK_RECIPE_CATEGORY" PRIMARY KEY ("RECIPE_ID")
  USING INDEX PCTFREE 10 INITRANS 2 MAXTRANS 255 COMPUTE STATISTICS 
  STORAGE(INITIAL 65536 NEXT 1048576 MINEXTENTS 1 MAXEXTENTS 2147483645
  PCTINCREASE 0 FREELISTS 1 FREELIST GROUPS 1 BUFFER_POOL DEFAULT FLASH_CACHE DEFAULT CELL_FLASH_CACHE DEFAULT)
  TABLESPACE "TS_202007M"  ENABLE;
  ALTER TABLE "TEAM5_202007M"."RECIPE_CATEGORY" MODIFY ("RECIPE_ID" NOT NULL ENABLE);
--------------------------------------------------------
--  Constraints for Table REPORT
--------------------------------------------------------

  ALTER TABLE "TEAM5_202007M"."REPORT" ADD CONSTRAINT "PK_REPORT" PRIMARY KEY ("REPORT_NO")
  USING INDEX PCTFREE 10 INITRANS 2 MAXTRANS 255 COMPUTE STATISTICS 
  STORAGE(INITIAL 65536 NEXT 1048576 MINEXTENTS 1 MAXEXTENTS 2147483645
  PCTINCREASE 0 FREELISTS 1 FREELIST GROUPS 1 BUFFER_POOL DEFAULT FLASH_CACHE DEFAULT CELL_FLASH_CACHE DEFAULT)
  TABLESPACE "TS_202007M"  ENABLE;
  ALTER TABLE "TEAM5_202007M"."REPORT" MODIFY ("REPORT_NO" NOT NULL ENABLE);
--------------------------------------------------------
--  Constraints for Table REPORT_CATEGORY
--------------------------------------------------------

  ALTER TABLE "TEAM5_202007M"."REPORT_CATEGORY" ADD CONSTRAINT "PK_REPORT_CATEGORY" PRIMARY KEY ("REPORT_CATE")
  USING INDEX PCTFREE 10 INITRANS 2 MAXTRANS 255 COMPUTE STATISTICS 
  STORAGE(INITIAL 65536 NEXT 1048576 MINEXTENTS 1 MAXEXTENTS 2147483645
  PCTINCREASE 0 FREELISTS 1 FREELIST GROUPS 1 BUFFER_POOL DEFAULT FLASH_CACHE DEFAULT CELL_FLASH_CACHE DEFAULT)
  TABLESPACE "TS_202007M"  ENABLE;
  ALTER TABLE "TEAM5_202007M"."REPORT_CATEGORY" MODIFY ("REPORT_CATE" NOT NULL ENABLE);
--------------------------------------------------------
--  Constraints for Table RP_BOARD
--------------------------------------------------------

  ALTER TABLE "TEAM5_202007M"."RP_BOARD" ADD CONSTRAINT "PK_BOARD_NO" PRIMARY KEY ("BOARD_NO")
  USING INDEX PCTFREE 10 INITRANS 2 MAXTRANS 255 COMPUTE STATISTICS 
  STORAGE(INITIAL 65536 NEXT 1048576 MINEXTENTS 1 MAXEXTENTS 2147483645
  PCTINCREASE 0 FREELISTS 1 FREELIST GROUPS 1 BUFFER_POOL DEFAULT FLASH_CACHE DEFAULT CELL_FLASH_CACHE DEFAULT)
  TABLESPACE "TS_202007M"  ENABLE;
  ALTER TABLE "TEAM5_202007M"."RP_BOARD" MODIFY ("MEM_ID" NOT NULL ENABLE);
  ALTER TABLE "TEAM5_202007M"."RP_BOARD" MODIFY ("FOOD_ID" NOT NULL ENABLE);
  ALTER TABLE "TEAM5_202007M"."RP_BOARD" MODIFY ("RECIPE_ID" NOT NULL ENABLE);
  ALTER TABLE "TEAM5_202007M"."RP_BOARD" MODIFY ("BOARD_DATE" NOT NULL ENABLE);
  ALTER TABLE "TEAM5_202007M"."RP_BOARD" MODIFY ("BOARD_CONTENT" NOT NULL ENABLE);
  ALTER TABLE "TEAM5_202007M"."RP_BOARD" MODIFY ("BOARD_TITLE" NOT NULL ENABLE);
  ALTER TABLE "TEAM5_202007M"."RP_BOARD" MODIFY ("BOARD_NO" NOT NULL ENABLE);
--------------------------------------------------------
--  Constraints for Table SALE
--------------------------------------------------------

  ALTER TABLE "TEAM5_202007M"."SALE" ADD CONSTRAINT "PK_SALE" PRIMARY KEY ("SALE_MONTH")
  USING INDEX PCTFREE 10 INITRANS 2 MAXTRANS 255 COMPUTE STATISTICS 
  STORAGE(INITIAL 65536 NEXT 1048576 MINEXTENTS 1 MAXEXTENTS 2147483645
  PCTINCREASE 0 FREELISTS 1 FREELIST GROUPS 1 BUFFER_POOL DEFAULT FLASH_CACHE DEFAULT CELL_FLASH_CACHE DEFAULT)
  TABLESPACE "TS_202007M"  ENABLE;
  ALTER TABLE "TEAM5_202007M"."SALE" MODIFY ("SALE_MONTH" NOT NULL ENABLE);
--------------------------------------------------------
--  Constraints for Table STAR
--------------------------------------------------------

  ALTER TABLE "TEAM5_202007M"."STAR" ADD CONSTRAINT "STAR_PK" PRIMARY KEY ("BOARD_NO")
  USING INDEX PCTFREE 10 INITRANS 2 MAXTRANS 255 COMPUTE STATISTICS 
  STORAGE(INITIAL 65536 NEXT 1048576 MINEXTENTS 1 MAXEXTENTS 2147483645
  PCTINCREASE 0 FREELISTS 1 FREELIST GROUPS 1 BUFFER_POOL DEFAULT FLASH_CACHE DEFAULT CELL_FLASH_CACHE DEFAULT)
  TABLESPACE "TS_202007M"  ENABLE;
  ALTER TABLE "TEAM5_202007M"."STAR" MODIFY ("BOARD_NO" NOT NULL ENABLE);
